id,section_id,student_id,status
enr_1,sec_0001,stu_1249,active
enr_2,sec_0001,stu_0233,active
enr_3,sec_0001,stu_0755,active
enr_4,sec_0001,stu_0632,active
enr_5,sec_0001,stu_0154,active
enr_6,sec_0001,stu_0174,active
enr_7,sec_0001,stu_0945,active
enr_8,sec_0001,stu_0383,active
enr_9,sec_0001,stu_0200,active
enr_10,sec_0001,stu_0760,active
enr_11,sec_0001,stu_1397,active
enr_12,sec_0001,stu_0754,active
enr_13,sec_0001,stu_1185,active
enr_14,sec_0001,stu_0171,active
enr_15,sec_0001,stu_1306,active
enr_16,sec_0001,stu_0817,active
enr_17,sec_0001,stu_0567,active
enr_18,sec_0001,stu_1202,active
enr_19,sec_0001,stu_1314,active
enr_20,sec_0001,stu_0688,active
enr_21,sec_0001,stu_1057,active
enr_22,sec_0001,stu_1385,active
enr_23,sec_0001,stu_1231,active
enr_24,sec_0001,stu_0188,active
enr_25,sec_0001,stu_1336,active
enr_26,sec_0001,stu_1107,active
enr_27,sec_0001,stu_1366,active
enr_28,sec_0001,stu_0408,active
enr_29,sec_0001,stu_0115,active
enr_30,sec_0001,stu_1036,active
enr_31,sec_0001,stu_0069,active
enr_32,sec_0001,stu_1383,active
enr_33,sec_0001,stu_0694,active
enr_34,sec_0001,stu_1146,active
enr_35,sec_0001,stu_1396,active
enr_36,sec_0002,stu_0729,active
enr_37,sec_0002,stu_1339,active
enr_38,sec_0002,stu_1004,active
enr_39,sec_0002,stu_0402,active
enr_40,sec_0002,stu_1269,active
enr_41,sec_0002,stu_1258,active
enr_42,sec_0002,stu_1294,active
enr_43,sec_0002,stu_1219,active
enr_44,sec_0002,stu_0864,active
enr_45,sec_0002,stu_1394,active
enr_46,sec_0002,stu_0789,active
enr_47,sec_0002,stu_1287,active
enr_48,sec_0002,stu_1115,active
enr_49,sec_0002,stu_0978,active
enr_50,sec_0002,stu_1097,active
enr_51,sec_0002,stu_1148,active
enr_52,sec_0002,stu_1370,active
enr_53,sec_0002,stu_1059,active
enr_54,sec_0002,stu_0913,active
enr_55,sec_0002,stu_0323,active
enr_56,sec_0002,stu_1221,active
enr_57,sec_0002,stu_0559,active
enr_58,sec_0002,stu_0130,active
enr_59,sec_0002,stu_1256,active
enr_60,sec_0002,stu_0423,active
enr_61,sec_0002,stu_0012,active
enr_62,sec_0002,stu_1012,active
enr_63,sec_0002,stu_1140,active
enr_64,sec_0002,stu_0174,active
enr_65,sec_0002,stu_0072,active
enr_66,sec_0003,stu_0163,active
enr_67,sec_0003,stu_0295,active
enr_68,sec_0003,stu_0400,active
enr_69,sec_0003,stu_1108,active
enr_70,sec_0003,stu_0495,active
enr_71,sec_0003,stu_1142,active
enr_72,sec_0003,stu_0707,active
enr_73,sec_0003,stu_0115,active
enr_74,sec_0003,stu_0036,active
enr_75,sec_0003,stu_1269,active
enr_76,sec_0003,stu_0478,active
enr_77,sec_0003,stu_0102,active
enr_78,sec_0003,stu_0743,active
enr_79,sec_0003,stu_0411,active
enr_80,sec_0003,stu_1247,active
enr_81,sec_0003,stu_0122,active
enr_82,sec_0003,stu_1265,active
enr_83,sec_0003,stu_0880,active
enr_84,sec_0003,stu_0234,active
enr_85,sec_0003,stu_0281,active
enr_86,sec_0003,stu_1399,active
enr_87,sec_0003,stu_0846,active
enr_88,sec_0003,stu_0940,active
enr_89,sec_0003,stu_0211,active
enr_90,sec_0003,stu_0006,active
enr_91,sec_0003,stu_1306,active
enr_92,sec_0003,stu_0796,active
enr_93,sec_0003,stu_1086,active
enr_94,sec_0003,stu_0580,active
enr_95,sec_0003,stu_1299,active
enr_96,sec_0003,stu_0355,active
enr_97,sec_0003,stu_1333,active
enr_98,sec_0003,stu_1227,active
enr_99,sec_0004,stu_0440,active
enr_100,sec_0004,stu_0302,active
enr_101,sec_0004,stu_0741,active
enr_102,sec_0004,stu_1149,active
enr_103,sec_0004,stu_0225,active
enr_104,sec_0004,stu_0746,active
enr_105,sec_0004,stu_1033,active
enr_106,sec_0004,stu_0595,active
enr_107,sec_0004,stu_1168,active
enr_108,sec_0004,stu_1289,active
enr_109,sec_0004,stu_0499,active
enr_110,sec_0004,stu_0383,active
enr_111,sec_0004,stu_1074,active
enr_112,sec_0004,stu_1214,active
enr_113,sec_0004,stu_1284,active
enr_114,sec_0004,stu_0217,active
enr_115,sec_0004,stu_0691,active
enr_116,sec_0004,stu_1057,active
enr_117,sec_0004,stu_0536,active
enr_118,sec_0004,stu_0809,active
enr_119,sec_0004,stu_0841,active
enr_120,sec_0004,stu_1047,active
enr_121,sec_0004,stu_0494,active
enr_122,sec_0004,stu_1101,active
enr_123,sec_0004,stu_0583,active
enr_124,sec_0004,stu_1169,active
enr_125,sec_0004,stu_1203,active
enr_126,sec_0004,stu_0014,active
enr_127,sec_0004,stu_0286,active
enr_128,sec_0004,stu_1381,active
enr_129,sec_0004,stu_0223,active
enr_130,sec_0004,stu_0028,active
enr_131,sec_0004,stu_1239,active
enr_132,sec_0004,stu_0887,active
enr_133,sec_0004,stu_0197,active
enr_134,sec_0004,stu_0457,active
enr_135,sec_0004,stu_0775,active
enr_136,sec_0004,stu_1282,active
enr_137,sec_0004,stu_0357,active
enr_138,sec_0005,stu_0406,active
enr_139,sec_0005,stu_0557,active
enr_140,sec_0005,stu_0138,active
enr_141,sec_0005,stu_0092,active
enr_142,sec_0005,stu_0072,active
enr_143,sec_0005,stu_0308,active
enr_144,sec_0005,stu_0070,active
enr_145,sec_0005,stu_0293,active
enr_146,sec_0005,stu_0908,active
enr_147,sec_0005,stu_1224,active
enr_148,sec_0005,stu_0824,active
enr_149,sec_0005,stu_0942,active
enr_150,sec_0005,stu_0100,active
enr_151,sec_0005,stu_0090,active
enr_152,sec_0005,stu_0277,active
enr_153,sec_0005,stu_0530,active
enr_154,sec_0005,stu_0963,active
enr_155,sec_0005,stu_0494,active
enr_156,sec_0005,stu_1379,active
enr_157,sec_0005,stu_0598,active
enr_158,sec_0005,stu_0099,active
enr_159,sec_0005,stu_0763,active
enr_160,sec_0005,stu_0577,active
enr_161,sec_0005,stu_1321,active
enr_162,sec_0005,stu_0675,active
enr_163,sec_0005,stu_0027,active
enr_164,sec_0005,stu_1088,active
enr_165,sec_0005,stu_0264,active
enr_166,sec_0005,stu_0370,active
enr_167,sec_0005,stu_0627,active
enr_168,sec_0005,stu_0477,active
enr_169,sec_0005,stu_0711,active
enr_170,sec_0005,stu_0930,active
enr_171,sec_0005,stu_0870,active
enr_172,sec_0006,stu_1335,active
enr_173,sec_0006,stu_1203,active
enr_174,sec_0006,stu_0448,active
enr_175,sec_0006,stu_0710,active
enr_176,sec_0006,stu_0905,active
enr_177,sec_0006,stu_0262,active
enr_178,sec_0006,stu_0624,active
enr_179,sec_0006,stu_0124,active
enr_180,sec_0006,stu_0313,active
enr_181,sec_0006,stu_1201,active
enr_182,sec_0006,stu_1198,active
enr_183,sec_0006,stu_0437,active
enr_184,sec_0006,stu_1299,active
enr_185,sec_0006,stu_0921,active
enr_186,sec_0006,stu_0857,active
enr_187,sec_0006,stu_0550,active
enr_188,sec_0006,stu_0263,active
enr_189,sec_0006,stu_0580,active
enr_190,sec_0006,stu_0831,active
enr_191,sec_0006,stu_0137,active
enr_192,sec_0006,stu_1055,active
enr_193,sec_0006,stu_0321,active
enr_194,sec_0006,stu_0944,active
enr_195,sec_0006,stu_0412,active
enr_196,sec_0007,stu_1066,active
enr_197,sec_0007,stu_1296,active
enr_198,sec_0007,stu_0383,active
enr_199,sec_0007,stu_0013,active
enr_200,sec_0007,stu_0076,active
enr_201,sec_0007,stu_0752,active
enr_202,sec_0007,stu_1366,active
enr_203,sec_0007,stu_0241,active
enr_204,sec_0007,stu_0973,active
enr_205,sec_0007,stu_0588,active
enr_206,sec_0007,stu_0713,active
enr_207,sec_0007,stu_0736,active
enr_208,sec_0007,stu_0424,active
enr_209,sec_0007,stu_0959,active
enr_210,sec_0007,stu_0870,active
enr_211,sec_0007,stu_0023,active
enr_212,sec_0007,stu_0875,active
enr_213,sec_0007,stu_0639,active
enr_214,sec_0007,stu_1375,active
enr_215,sec_0007,stu_0497,active
enr_216,sec_0007,stu_1044,active
enr_217,sec_0007,stu_1011,active
enr_218,sec_0007,stu_0631,active
enr_219,sec_0007,stu_0358,active
enr_220,sec_0007,stu_0258,active
enr_221,sec_0007,stu_0972,active
enr_222,sec_0007,stu_1205,active
enr_223,sec_0007,stu_1248,active
enr_224,sec_0007,stu_0319,active
enr_225,sec_0007,stu_1138,active
enr_226,sec_0007,stu_0949,active
enr_227,sec_0007,stu_0568,active
enr_228,sec_0007,stu_1010,active
enr_229,sec_0007,stu_1190,active
enr_230,sec_0007,stu_0858,active
enr_231,sec_0007,stu_0976,active
enr_232,sec_0007,stu_1288,active
enr_233,sec_0007,stu_0482,active
enr_234,sec_0008,stu_0635,active
enr_235,sec_0008,stu_1191,active
enr_236,sec_0008,stu_0411,active
enr_237,sec_0008,stu_0150,active
enr_238,sec_0008,stu_1164,active
enr_239,sec_0008,stu_0190,active
enr_240,sec_0008,stu_0268,active
enr_241,sec_0008,stu_0408,active
enr_242,sec_0008,stu_1300,active
enr_243,sec_0008,stu_1092,active
enr_244,sec_0008,stu_0016,active
enr_245,sec_0008,stu_0400,active
enr_246,sec_0008,stu_0710,active
enr_247,sec_0008,stu_0871,active
enr_248,sec_0008,stu_0764,active
enr_249,sec_0008,stu_1012,active
enr_250,sec_0008,stu_0561,active
enr_251,sec_0008,stu_0977,active
enr_252,sec_0008,stu_1227,active
enr_253,sec_0008,stu_1223,active
enr_254,sec_0008,stu_0893,active
enr_255,sec_0008,stu_1008,active
enr_256,sec_0008,stu_0399,active
enr_257,sec_0008,stu_0628,active
enr_258,sec_0008,stu_1104,active
enr_259,sec_0008,stu_0533,active
enr_260,sec_0008,stu_1359,active
enr_261,sec_0008,stu_0520,active
enr_262,sec_0008,stu_0139,active
enr_263,sec_0008,stu_0438,active
enr_264,sec_0008,stu_0591,active
enr_265,sec_0008,stu_0030,active
enr_266,sec_0008,stu_0156,active
enr_267,sec_0008,stu_1198,active
enr_268,sec_0008,stu_0347,active
enr_269,sec_0008,stu_0938,active
enr_270,sec_0008,stu_0095,active
enr_271,sec_0008,stu_1038,active
enr_272,sec_0008,stu_0301,active
enr_273,sec_0008,stu_0443,active
enr_274,sec_0008,stu_1005,active
enr_275,sec_0008,stu_0065,active
enr_276,sec_0008,stu_0899,active
enr_277,sec_0009,stu_1138,active
enr_278,sec_0009,stu_1297,active
enr_279,sec_0009,stu_1064,active
enr_280,sec_0009,stu_0669,active
enr_281,sec_0009,stu_0863,active
enr_282,sec_0009,stu_0866,active
enr_283,sec_0009,stu_0311,active
enr_284,sec_0009,stu_0265,active
enr_285,sec_0009,stu_0936,active
enr_286,sec_0009,stu_0292,active
enr_287,sec_0009,stu_0044,active
enr_288,sec_0009,stu_0918,active
enr_289,sec_0009,stu_0967,active
enr_290,sec_0009,stu_1031,active
enr_291,sec_0009,stu_0553,active
enr_292,sec_0009,stu_0451,active
enr_293,sec_0009,stu_1081,active
enr_294,sec_0009,stu_0661,active
enr_295,sec_0009,stu_0389,active
enr_296,sec_0009,stu_0585,active
enr_297,sec_0010,stu_0615,active
enr_298,sec_0010,stu_0936,active
enr_299,sec_0010,stu_0682,active
enr_300,sec_0010,stu_1100,active
enr_301,sec_0010,stu_0718,active
enr_302,sec_0010,stu_1149,active
enr_303,sec_0010,stu_0189,active
enr_304,sec_0010,stu_1310,active
enr_305,sec_0010,stu_0937,active
enr_306,sec_0010,stu_1384,active
enr_307,sec_0010,stu_0954,active
enr_308,sec_0010,stu_0951,active
enr_309,sec_0010,stu_0308,active
enr_310,sec_0010,stu_0586,active
enr_311,sec_0010,stu_1366,active
enr_312,sec_0010,stu_0148,active
enr_313,sec_0010,stu_0873,active
enr_314,sec_0010,stu_0696,active
enr_315,sec_0010,stu_0806,active
enr_316,sec_0010,stu_0800,active
enr_317,sec_0010,stu_0261,active
enr_318,sec_0010,stu_0604,active
enr_319,sec_0010,stu_0171,active
enr_320,sec_0010,stu_1145,active
enr_321,sec_0011,stu_0043,active
enr_322,sec_0011,stu_0923,active
enr_323,sec_0011,stu_0613,active
enr_324,sec_0011,stu_0122,active
enr_325,sec_0011,stu_0848,active
enr_326,sec_0011,stu_1309,active
enr_327,sec_0011,stu_1020,active
enr_328,sec_0011,stu_1192,active
enr_329,sec_0011,stu_0160,active
enr_330,sec_0011,stu_0206,active
enr_331,sec_0011,stu_0287,active
enr_332,sec_0011,stu_1365,active
enr_333,sec_0011,stu_1236,active
enr_334,sec_0011,stu_0021,active
enr_335,sec_0011,stu_1242,active
enr_336,sec_0011,stu_0737,active
enr_337,sec_0011,stu_1202,active
enr_338,sec_0011,stu_0450,active
enr_339,sec_0011,stu_0283,active
enr_340,sec_0011,stu_0296,active
enr_341,sec_0011,stu_0502,active
enr_342,sec_0011,stu_0445,active
enr_343,sec_0011,stu_0783,active
enr_344,sec_0011,stu_0567,active
enr_345,sec_0011,stu_0704,active
enr_346,sec_0011,stu_0876,active
enr_347,sec_0011,stu_1329,active
enr_348,sec_0011,stu_1173,active
enr_349,sec_0011,stu_1122,active
enr_350,sec_0011,stu_0747,active
enr_351,sec_0011,stu_0176,active
enr_352,sec_0011,stu_0657,active
enr_353,sec_0011,stu_0816,active
enr_354,sec_0011,stu_1153,active
enr_355,sec_0011,stu_0432,active
enr_356,sec_0012,stu_0732,active
enr_357,sec_0012,stu_1116,active
enr_358,sec_0012,stu_0270,active
enr_359,sec_0012,stu_0573,active
enr_360,sec_0012,stu_0305,active
enr_361,sec_0012,stu_1217,active
enr_362,sec_0012,stu_1113,active
enr_363,sec_0012,stu_1099,active
enr_364,sec_0012,stu_1149,active
enr_365,sec_0012,stu_0194,active
enr_366,sec_0012,stu_0526,active
enr_367,sec_0012,stu_1202,active
enr_368,sec_0012,stu_1308,active
enr_369,sec_0012,stu_0840,active
enr_370,sec_0012,stu_0060,active
enr_371,sec_0012,stu_1328,active
enr_372,sec_0012,stu_0279,active
enr_373,sec_0012,stu_0568,active
enr_374,sec_0012,stu_0749,active
enr_375,sec_0012,stu_0667,active
enr_376,sec_0012,stu_0376,active
enr_377,sec_0012,stu_0519,active
enr_378,sec_0012,stu_1117,active
enr_379,sec_0012,stu_0043,active
enr_380,sec_0013,stu_0978,active
enr_381,sec_0013,stu_1205,active
enr_382,sec_0013,stu_1252,active
enr_383,sec_0013,stu_0131,active
enr_384,sec_0013,stu_1047,active
enr_385,sec_0013,stu_1108,active
enr_386,sec_0013,stu_0009,active
enr_387,sec_0013,stu_0433,active
enr_388,sec_0013,stu_1291,active
enr_389,sec_0013,stu_1024,active
enr_390,sec_0013,stu_0778,active
enr_391,sec_0013,stu_0462,active
enr_392,sec_0013,stu_0017,active
enr_393,sec_0013,stu_0406,active
enr_394,sec_0013,stu_0904,active
enr_395,sec_0013,stu_1027,active
enr_396,sec_0013,stu_0787,active
enr_397,sec_0013,stu_1117,active
enr_398,sec_0013,stu_1065,active
enr_399,sec_0013,stu_0670,active
enr_400,sec_0013,stu_0133,active
enr_401,sec_0013,stu_0288,active
enr_402,sec_0013,stu_1343,active
enr_403,sec_0013,stu_0269,active
enr_404,sec_0013,stu_0382,active
enr_405,sec_0013,stu_0870,active
enr_406,sec_0014,stu_0306,active
enr_407,sec_0014,stu_0446,active
enr_408,sec_0014,stu_1079,active
enr_409,sec_0014,stu_1346,active
enr_410,sec_0014,stu_0424,active
enr_411,sec_0014,stu_0390,active
enr_412,sec_0014,stu_1236,active
enr_413,sec_0014,stu_0989,active
enr_414,sec_0014,stu_0088,active
enr_415,sec_0014,stu_1336,active
enr_416,sec_0014,stu_1084,active
enr_417,sec_0014,stu_1037,active
enr_418,sec_0014,stu_0874,active
enr_419,sec_0014,stu_0817,active
enr_420,sec_0014,stu_0205,active
enr_421,sec_0014,stu_0091,active
enr_422,sec_0014,stu_0113,active
enr_423,sec_0014,stu_0829,active
enr_424,sec_0015,stu_1183,active
enr_425,sec_0015,stu_0912,active
enr_426,sec_0015,stu_0004,active
enr_427,sec_0015,stu_0271,active
enr_428,sec_0015,stu_0659,active
enr_429,sec_0015,stu_0953,active
enr_430,sec_0015,stu_0451,active
enr_431,sec_0015,stu_0539,active
enr_432,sec_0015,stu_1371,active
enr_433,sec_0015,stu_1238,active
enr_434,sec_0015,stu_1391,active
enr_435,sec_0015,stu_1279,active
enr_436,sec_0015,stu_0069,active
enr_437,sec_0015,stu_0638,active
enr_438,sec_0015,stu_1019,active
enr_439,sec_0015,stu_0493,active
enr_440,sec_0015,stu_0019,active
enr_441,sec_0015,stu_1336,active
enr_442,sec_0015,stu_0434,active
enr_443,sec_0015,stu_1060,active
enr_444,sec_0015,stu_0828,active
enr_445,sec_0015,stu_0127,active
enr_446,sec_0015,stu_0970,active
enr_447,sec_0015,stu_1242,active
enr_448,sec_0015,stu_0430,active
enr_449,sec_0015,stu_1139,active
enr_450,sec_0015,stu_0651,active
enr_451,sec_0015,stu_1090,active
enr_452,sec_0016,stu_0030,active
enr_453,sec_0016,stu_1109,active
enr_454,sec_0016,stu_0481,active
enr_455,sec_0016,stu_1379,active
enr_456,sec_0016,stu_0008,active
enr_457,sec_0016,stu_0149,active
enr_458,sec_0016,stu_1014,active
enr_459,sec_0016,stu_0048,active
enr_460,sec_0016,stu_1216,active
enr_461,sec_0016,stu_0918,active
enr_462,sec_0016,stu_0945,active
enr_463,sec_0016,stu_1231,active
enr_464,sec_0016,stu_0841,active
enr_465,sec_0016,stu_0422,active
enr_466,sec_0016,stu_1161,active
enr_467,sec_0016,stu_0318,active
enr_468,sec_0016,stu_1380,active
enr_469,sec_0016,stu_0038,active
enr_470,sec_0016,stu_0261,active
enr_471,sec_0016,stu_0240,active
enr_472,sec_0016,stu_1317,active
enr_473,sec_0016,stu_1185,active
enr_474,sec_0016,stu_1327,active
enr_475,sec_0016,stu_0423,active
enr_476,sec_0016,stu_1087,active
enr_477,sec_0016,stu_0212,active
enr_478,sec_0016,stu_0928,active
enr_479,sec_0017,stu_0633,active
enr_480,sec_0017,stu_0732,active
enr_481,sec_0017,stu_1210,active
enr_482,sec_0017,stu_0309,active
enr_483,sec_0017,stu_0229,active
enr_484,sec_0017,stu_0380,active
enr_485,sec_0017,stu_0950,active
enr_486,sec_0017,stu_0928,active
enr_487,sec_0017,stu_1150,active
enr_488,sec_0017,stu_0304,active
enr_489,sec_0017,stu_0118,active
enr_490,sec_0017,stu_1115,active
enr_491,sec_0017,stu_0385,active
enr_492,sec_0017,stu_0679,active
enr_493,sec_0017,stu_1109,active
enr_494,sec_0017,stu_1116,active
enr_495,sec_0017,stu_0467,active
enr_496,sec_0017,stu_0441,active
enr_497,sec_0017,stu_1315,active
enr_498,sec_0017,stu_0062,active
enr_499,sec_0017,stu_1309,active
enr_500,sec_0017,stu_0240,active
enr_501,sec_0017,stu_0079,active
enr_502,sec_0017,stu_0546,active
enr_503,sec_0018,stu_0916,active
enr_504,sec_0018,stu_0005,active
enr_505,sec_0018,stu_0825,active
enr_506,sec_0018,stu_1361,active
enr_507,sec_0018,stu_1369,active
enr_508,sec_0018,stu_1177,active
enr_509,sec_0018,stu_0387,active
enr_510,sec_0018,stu_0889,active
enr_511,sec_0018,stu_0064,active
enr_512,sec_0018,stu_1147,active
enr_513,sec_0018,stu_0186,active
enr_514,sec_0018,stu_0472,active
enr_515,sec_0018,stu_0514,active
enr_516,sec_0018,stu_1352,active
enr_517,sec_0018,stu_0180,active
enr_518,sec_0018,stu_0564,active
enr_519,sec_0018,stu_0491,active
enr_520,sec_0018,stu_1319,active
enr_521,sec_0019,stu_0049,active
enr_522,sec_0019,stu_1019,active
enr_523,sec_0019,stu_0213,active
enr_524,sec_0019,stu_0381,active
enr_525,sec_0019,stu_0887,active
enr_526,sec_0019,stu_0175,active
enr_527,sec_0019,stu_0406,active
enr_528,sec_0019,stu_0959,active
enr_529,sec_0019,stu_1218,active
enr_530,sec_0019,stu_0074,active
enr_531,sec_0019,stu_1090,active
enr_532,sec_0019,stu_0786,active
enr_533,sec_0019,stu_0155,active
enr_534,sec_0019,stu_1153,active
enr_535,sec_0019,stu_1138,active
enr_536,sec_0019,stu_0849,active
enr_537,sec_0019,stu_0002,active
enr_538,sec_0019,stu_0236,active
enr_539,sec_0019,stu_1334,active
enr_540,sec_0019,stu_0448,active
enr_541,sec_0019,stu_0428,active
enr_542,sec_0019,stu_0792,active
enr_543,sec_0019,stu_0656,active
enr_544,sec_0019,stu_1024,active
enr_545,sec_0019,stu_0439,active
enr_546,sec_0019,stu_0758,active
enr_547,sec_0019,stu_1260,active
enr_548,sec_0019,stu_0478,active
enr_549,sec_0019,stu_0566,active
enr_550,sec_0019,stu_0659,active
enr_551,sec_0019,stu_0724,active
enr_552,sec_0019,stu_0568,active
enr_553,sec_0019,stu_0834,active
enr_554,sec_0019,stu_0886,active
enr_555,sec_0019,stu_0921,active
enr_556,sec_0019,stu_1337,active
enr_557,sec_0019,stu_0201,active
enr_558,sec_0019,stu_0762,active
enr_559,sec_0019,stu_0168,active
enr_560,sec_0019,stu_0269,active
enr_561,sec_0019,stu_0753,active
enr_562,sec_0019,stu_1158,active
enr_563,sec_0019,stu_0120,active
enr_564,sec_0019,stu_0214,active
enr_565,sec_0019,stu_0645,active
enr_566,sec_0020,stu_0363,active
enr_567,sec_0020,stu_1088,active
enr_568,sec_0020,stu_0752,active
enr_569,sec_0020,stu_1282,active
enr_570,sec_0020,stu_0265,active
enr_571,sec_0020,stu_1345,active
enr_572,sec_0020,stu_1352,active
enr_573,sec_0020,stu_1351,active
enr_574,sec_0020,stu_1319,active
enr_575,sec_0020,stu_0444,active
enr_576,sec_0020,stu_0206,active
enr_577,sec_0020,stu_1053,active
enr_578,sec_0020,stu_1085,active
enr_579,sec_0020,stu_0262,active
enr_580,sec_0020,stu_0954,active
enr_581,sec_0020,stu_1200,active
enr_582,sec_0020,stu_0836,active
enr_583,sec_0020,stu_0500,active
enr_584,sec_0020,stu_1172,active
enr_585,sec_0020,stu_0401,active
enr_586,sec_0020,stu_0716,active
enr_587,sec_0021,stu_0034,active
enr_588,sec_0021,stu_1395,active
enr_589,sec_0021,stu_1223,active
enr_590,sec_0021,stu_0196,active
enr_591,sec_0021,stu_0761,active
enr_592,sec_0021,stu_0405,active
enr_593,sec_0021,stu_0204,active
enr_594,sec_0021,stu_0048,active
enr_595,sec_0021,stu_0734,active
enr_596,sec_0021,stu_0077,active
enr_597,sec_0021,stu_0404,active
enr_598,sec_0021,stu_0289,active
enr_599,sec_0021,stu_1124,active
enr_600,sec_0021,stu_1146,active
enr_601,sec_0021,stu_0101,active
enr_602,sec_0021,stu_0418,active
enr_603,sec_0021,stu_1075,active
enr_604,sec_0021,stu_1106,active
enr_605,sec_0021,stu_1341,active
enr_606,sec_0021,stu_0599,active
enr_607,sec_0021,stu_0523,active
enr_608,sec_0021,stu_0590,active
enr_609,sec_0021,stu_1136,active
enr_610,sec_0021,stu_0319,active
enr_611,sec_0021,stu_1172,active
enr_612,sec_0021,stu_1239,active
enr_613,sec_0021,stu_0941,active
enr_614,sec_0021,stu_0517,active
enr_615,sec_0021,stu_0135,active
enr_616,sec_0021,stu_0874,active
enr_617,sec_0021,stu_0543,active
enr_618,sec_0021,stu_0921,active
enr_619,sec_0021,stu_1141,active
enr_620,sec_0021,stu_0428,active
enr_621,sec_0021,stu_0461,active
enr_622,sec_0021,stu_0197,active
enr_623,sec_0021,stu_0391,active
enr_624,sec_0022,stu_0693,active
enr_625,sec_0022,stu_0066,active
enr_626,sec_0022,stu_1035,active
enr_627,sec_0022,stu_0131,active
enr_628,sec_0022,stu_0823,active
enr_629,sec_0022,stu_1125,active
enr_630,sec_0022,stu_0261,active
enr_631,sec_0022,stu_0903,active
enr_632,sec_0022,stu_0309,active
enr_633,sec_0022,stu_0189,active
enr_634,sec_0022,stu_1052,active
enr_635,sec_0022,stu_0328,active
enr_636,sec_0022,stu_0794,active
enr_637,sec_0022,stu_0724,active
enr_638,sec_0022,stu_0268,active
enr_639,sec_0022,stu_1099,active
enr_640,sec_0022,stu_0061,active
enr_641,sec_0022,stu_0695,active
enr_642,sec_0022,stu_0226,active
enr_643,sec_0023,stu_1186,active
enr_644,sec_0023,stu_0907,active
enr_645,sec_0023,stu_0312,active
enr_646,sec_0023,stu_1385,active
enr_647,sec_0023,stu_0596,active
enr_648,sec_0023,stu_0251,active
enr_649,sec_0023,stu_1118,active
enr_650,sec_0023,stu_0457,active
enr_651,sec_0023,stu_0300,active
enr_652,sec_0023,stu_0626,active
enr_653,sec_0023,stu_0730,active
enr_654,sec_0023,stu_1187,active
enr_655,sec_0023,stu_0293,active
enr_656,sec_0023,stu_1277,active
enr_657,sec_0023,stu_0952,active
enr_658,sec_0023,stu_1276,active
enr_659,sec_0023,stu_0301,active
enr_660,sec_0023,stu_0395,active
enr_661,sec_0023,stu_1005,active
enr_662,sec_0023,stu_1331,active
enr_663,sec_0023,stu_1165,active
enr_664,sec_0023,stu_1221,active
enr_665,sec_0023,stu_1383,active
enr_666,sec_0023,stu_0692,active
enr_667,sec_0023,stu_0739,active
enr_668,sec_0023,stu_0615,active
enr_669,sec_0023,stu_0299,active
enr_670,sec_0024,stu_0492,active
enr_671,sec_0024,stu_0019,active
enr_672,sec_0024,stu_0506,active
enr_673,sec_0024,stu_1205,active
enr_674,sec_0024,stu_0199,active
enr_675,sec_0024,stu_0677,active
enr_676,sec_0024,stu_1230,active
enr_677,sec_0024,stu_0450,active
enr_678,sec_0024,stu_0395,active
enr_679,sec_0024,stu_1346,active
enr_680,sec_0024,stu_0697,active
enr_681,sec_0024,stu_0059,active
enr_682,sec_0024,stu_0496,active
enr_683,sec_0024,stu_0256,active
enr_684,sec_0024,stu_0087,active
enr_685,sec_0024,stu_0140,active
enr_686,sec_0024,stu_0347,active
enr_687,sec_0024,stu_0653,active
enr_688,sec_0024,stu_0102,active
enr_689,sec_0024,stu_0317,active
enr_690,sec_0024,stu_0804,active
enr_691,sec_0024,stu_1391,active
enr_692,sec_0024,stu_1282,active
enr_693,sec_0024,stu_0643,active
enr_694,sec_0024,stu_0620,active
enr_695,sec_0024,stu_0591,active
enr_696,sec_0024,stu_1350,active
enr_697,sec_0024,stu_1018,active
enr_698,sec_0024,stu_1321,active
enr_699,sec_0024,stu_0154,active
enr_700,sec_0024,stu_0033,active
enr_701,sec_0024,stu_0376,active
enr_702,sec_0024,stu_1270,active
enr_703,sec_0024,stu_0624,active
enr_704,sec_0024,stu_1116,active
enr_705,sec_0024,stu_0024,active
enr_706,sec_0024,stu_1076,active
enr_707,sec_0024,stu_0106,active
enr_708,sec_0024,stu_0499,active
enr_709,sec_0024,stu_0487,active
enr_710,sec_0024,stu_0864,active
enr_711,sec_0024,stu_0028,active
enr_712,sec_0025,stu_1154,active
enr_713,sec_0025,stu_1067,active
enr_714,sec_0025,stu_1342,active
enr_715,sec_0025,stu_0736,active
enr_716,sec_0025,stu_1176,active
enr_717,sec_0025,stu_0536,active
enr_718,sec_0025,stu_0277,active
enr_719,sec_0025,stu_1319,active
enr_720,sec_0025,stu_0405,active
enr_721,sec_0025,stu_0145,active
enr_722,sec_0025,stu_0117,active
enr_723,sec_0025,stu_0503,active
enr_724,sec_0025,stu_0921,active
enr_725,sec_0025,stu_0787,active
enr_726,sec_0025,stu_1220,active
enr_727,sec_0025,stu_0665,active
enr_728,sec_0025,stu_0261,active
enr_729,sec_0025,stu_0426,active
enr_730,sec_0025,stu_0469,active
enr_731,sec_0025,stu_1098,active
enr_732,sec_0025,stu_1370,active
enr_733,sec_0025,stu_0819,active
enr_734,sec_0025,stu_0843,active
enr_735,sec_0025,stu_0920,active
enr_736,sec_0025,stu_0292,active
enr_737,sec_0025,stu_1250,active
enr_738,sec_0025,stu_0023,active
enr_739,sec_0025,stu_0035,active
enr_740,sec_0025,stu_1138,active
enr_741,sec_0025,stu_0411,active
enr_742,sec_0025,stu_0014,active
enr_743,sec_0025,stu_0433,active
enr_744,sec_0025,stu_1268,active
enr_745,sec_0025,stu_0385,active
enr_746,sec_0025,stu_0158,active
enr_747,sec_0025,stu_0882,active
enr_748,sec_0025,stu_0128,active
enr_749,sec_0025,stu_1028,active
enr_750,sec_0025,stu_0197,active
enr_751,sec_0025,stu_0161,active
enr_752,sec_0026,stu_0123,active
enr_753,sec_0026,stu_0992,active
enr_754,sec_0026,stu_0068,active
enr_755,sec_0026,stu_1267,active
enr_756,sec_0026,stu_1324,active
enr_757,sec_0026,stu_0897,active
enr_758,sec_0026,stu_0549,active
enr_759,sec_0026,stu_0775,active
enr_760,sec_0026,stu_1134,active
enr_761,sec_0026,stu_0332,active
enr_762,sec_0026,stu_0821,active
enr_763,sec_0026,stu_1347,active
enr_764,sec_0026,stu_0601,active
enr_765,sec_0026,stu_1340,active
enr_766,sec_0026,stu_0816,active
enr_767,sec_0026,stu_0887,active
enr_768,sec_0026,stu_0400,active
enr_769,sec_0026,stu_0466,active
enr_770,sec_0026,stu_0668,active
enr_771,sec_0026,stu_0528,active
enr_772,sec_0026,stu_0319,active
enr_773,sec_0026,stu_0464,active
enr_774,sec_0026,stu_0560,active
enr_775,sec_0027,stu_0734,active
enr_776,sec_0027,stu_0846,active
enr_777,sec_0027,stu_0764,active
enr_778,sec_0027,stu_0773,active
enr_779,sec_0027,stu_1182,active
enr_780,sec_0027,stu_0486,active
enr_781,sec_0027,stu_0679,active
enr_782,sec_0027,stu_0275,active
enr_783,sec_0027,stu_1308,active
enr_784,sec_0027,stu_0981,active
enr_785,sec_0027,stu_0208,active
enr_786,sec_0027,stu_0546,active
enr_787,sec_0027,stu_0014,active
enr_788,sec_0027,stu_1276,active
enr_789,sec_0027,stu_0180,active
enr_790,sec_0027,stu_0121,active
enr_791,sec_0027,stu_0172,active
enr_792,sec_0027,stu_0980,active
enr_793,sec_0027,stu_0247,active
enr_794,sec_0027,stu_0449,active
enr_795,sec_0027,stu_0025,active
enr_796,sec_0027,stu_0758,active
enr_797,sec_0027,stu_0076,active
enr_798,sec_0027,stu_0087,active
enr_799,sec_0027,stu_0360,active
enr_800,sec_0027,stu_1129,active
enr_801,sec_0027,stu_0162,active
enr_802,sec_0027,stu_0192,active
enr_803,sec_0027,stu_0854,active
enr_804,sec_0027,stu_1362,active
enr_805,sec_0027,stu_0370,active
enr_806,sec_0027,stu_0739,active
enr_807,sec_0027,stu_1384,active
enr_808,sec_0027,stu_0501,active
enr_809,sec_0027,stu_0250,active
enr_810,sec_0027,stu_0906,active
enr_811,sec_0027,stu_0612,active
enr_812,sec_0028,stu_1325,active
enr_813,sec_0028,stu_0566,active
enr_814,sec_0028,stu_1316,active
enr_815,sec_0028,stu_0210,active
enr_816,sec_0028,stu_0689,active
enr_817,sec_0028,stu_0192,active
enr_818,sec_0028,stu_0102,active
enr_819,sec_0028,stu_0091,active
enr_820,sec_0028,stu_0626,active
enr_821,sec_0028,stu_1054,active
enr_822,sec_0028,stu_1051,active
enr_823,sec_0028,stu_0100,active
enr_824,sec_0028,stu_0488,active
enr_825,sec_0028,stu_0901,active
enr_826,sec_0028,stu_0835,active
enr_827,sec_0028,stu_0116,active
enr_828,sec_0028,stu_0424,active
enr_829,sec_0028,stu_0287,active
enr_830,sec_0028,stu_0970,active
enr_831,sec_0029,stu_0728,active
enr_832,sec_0029,stu_0064,active
enr_833,sec_0029,stu_1027,active
enr_834,sec_0029,stu_0013,active
enr_835,sec_0029,stu_0470,active
enr_836,sec_0029,stu_0287,active
enr_837,sec_0029,stu_1178,active
enr_838,sec_0029,stu_0433,active
enr_839,sec_0029,stu_0892,active
enr_840,sec_0029,stu_1349,active
enr_841,sec_0029,stu_0788,active
enr_842,sec_0029,stu_0909,active
enr_843,sec_0029,stu_1137,active
enr_844,sec_0029,stu_0098,active
enr_845,sec_0029,stu_1138,active
enr_846,sec_0029,stu_1330,active
enr_847,sec_0029,stu_0879,active
enr_848,sec_0029,stu_0658,active
enr_849,sec_0029,stu_1093,active
enr_850,sec_0030,stu_0931,active
enr_851,sec_0030,stu_1197,active
enr_852,sec_0030,stu_0087,active
enr_853,sec_0030,stu_1155,active
enr_854,sec_0030,stu_0304,active
enr_855,sec_0030,stu_0865,active
enr_856,sec_0030,stu_0750,active
enr_857,sec_0030,stu_0116,active
enr_858,sec_0030,stu_1084,active
enr_859,sec_0030,stu_0054,active
enr_860,sec_0030,stu_1045,active
enr_861,sec_0030,stu_1040,active
enr_862,sec_0030,stu_0695,active
enr_863,sec_0030,stu_1090,active
enr_864,sec_0030,stu_1143,active
enr_865,sec_0030,stu_1346,active
enr_866,sec_0030,stu_0440,active
enr_867,sec_0030,stu_0020,active
enr_868,sec_0030,stu_0204,active
enr_869,sec_0030,stu_1362,active
enr_870,sec_0030,stu_0761,active
enr_871,sec_0030,stu_1104,active
enr_872,sec_0030,stu_0576,active
enr_873,sec_0031,stu_0225,active
enr_874,sec_0031,stu_0558,active
enr_875,sec_0031,stu_0912,active
enr_876,sec_0031,stu_0100,active
enr_877,sec_0031,stu_0167,active
enr_878,sec_0031,stu_1282,active
enr_879,sec_0031,stu_0591,active
enr_880,sec_0031,stu_1085,active
enr_881,sec_0031,stu_0509,active
enr_882,sec_0031,stu_0208,active
enr_883,sec_0031,stu_0443,active
enr_884,sec_0031,stu_0022,active
enr_885,sec_0031,stu_0581,active
enr_886,sec_0031,stu_0889,active
enr_887,sec_0031,stu_0484,active
enr_888,sec_0031,stu_1215,active
enr_889,sec_0031,stu_0951,active
enr_890,sec_0031,stu_0694,active
enr_891,sec_0031,stu_1346,active
enr_892,sec_0031,stu_0908,active
enr_893,sec_0031,stu_1214,active
enr_894,sec_0031,stu_0300,active
enr_895,sec_0031,stu_1005,active
enr_896,sec_0031,stu_0948,active
enr_897,sec_0032,stu_0963,active
enr_898,sec_0032,stu_1197,active
enr_899,sec_0032,stu_0618,active
enr_900,sec_0032,stu_0052,active
enr_901,sec_0032,stu_0160,active
enr_902,sec_0032,stu_0441,active
enr_903,sec_0032,stu_1195,active
enr_904,sec_0032,stu_1169,active
enr_905,sec_0032,stu_0767,active
enr_906,sec_0032,stu_1324,active
enr_907,sec_0032,stu_0791,active
enr_908,sec_0032,stu_0287,active
enr_909,sec_0032,stu_1297,active
enr_910,sec_0032,stu_0739,active
enr_911,sec_0032,stu_0548,active
enr_912,sec_0032,stu_1178,active
enr_913,sec_0032,stu_0927,active
enr_914,sec_0032,stu_0383,active
enr_915,sec_0032,stu_0122,active
enr_916,sec_0032,stu_1103,active
enr_917,sec_0032,stu_0951,active
enr_918,sec_0032,stu_0836,active
enr_919,sec_0033,stu_0643,active
enr_920,sec_0033,stu_0383,active
enr_921,sec_0033,stu_0847,active
enr_922,sec_0033,stu_0660,active
enr_923,sec_0033,stu_0607,active
enr_924,sec_0033,stu_1310,active
enr_925,sec_0033,stu_0466,active
enr_926,sec_0033,stu_0162,active
enr_927,sec_0033,stu_0574,active
enr_928,sec_0033,stu_1142,active
enr_929,sec_0033,stu_0539,active
enr_930,sec_0033,stu_1082,active
enr_931,sec_0033,stu_0890,active
enr_932,sec_0033,stu_1043,active
enr_933,sec_0033,stu_0412,active
enr_934,sec_0033,stu_0623,active
enr_935,sec_0033,stu_0881,active
enr_936,sec_0033,stu_0806,active
enr_937,sec_0033,stu_0780,active
enr_938,sec_0033,stu_0713,active
enr_939,sec_0033,stu_0379,active
enr_940,sec_0033,stu_1207,active
enr_941,sec_0033,stu_0779,active
enr_942,sec_0033,stu_1205,active
enr_943,sec_0033,stu_0835,active
enr_944,sec_0033,stu_0196,active
enr_945,sec_0033,stu_1133,active
enr_946,sec_0033,stu_1255,active
enr_947,sec_0033,stu_1221,active
enr_948,sec_0033,stu_0458,active
enr_949,sec_0033,stu_0356,active
enr_950,sec_0033,stu_0647,active
enr_951,sec_0033,stu_1075,active
enr_952,sec_0033,stu_0010,active
enr_953,sec_0033,stu_0739,active
enr_954,sec_0033,stu_0226,active
enr_955,sec_0033,stu_1012,active
enr_956,sec_0033,stu_0855,active
enr_957,sec_0033,stu_0606,active
enr_958,sec_0033,stu_0933,active
enr_959,sec_0033,stu_1148,active
enr_960,sec_0033,stu_1068,active
enr_961,sec_0033,stu_0075,active
enr_962,sec_0033,stu_1287,active
enr_963,sec_0033,stu_1052,active
enr_964,sec_0034,stu_0301,active
enr_965,sec_0034,stu_0513,active
enr_966,sec_0034,stu_0989,active
enr_967,sec_0034,stu_1136,active
enr_968,sec_0034,stu_0355,active
enr_969,sec_0034,stu_0860,active
enr_970,sec_0034,stu_0348,active
enr_971,sec_0034,stu_0616,active
enr_972,sec_0034,stu_0392,active
enr_973,sec_0034,stu_0212,active
enr_974,sec_0034,stu_0739,active
enr_975,sec_0034,stu_0953,active
enr_976,sec_0034,stu_0574,active
enr_977,sec_0034,stu_0029,active
enr_978,sec_0034,stu_0543,active
enr_979,sec_0034,stu_0313,active
enr_980,sec_0034,stu_0914,active
enr_981,sec_0034,stu_0827,active
enr_982,sec_0034,stu_0296,active
enr_983,sec_0034,stu_1231,active
enr_984,sec_0034,stu_0578,active
enr_985,sec_0034,stu_1130,active
enr_986,sec_0034,stu_0796,active
enr_987,sec_0034,stu_0732,active
enr_988,sec_0034,stu_1134,active
enr_989,sec_0034,stu_0808,active
enr_990,sec_0035,stu_0450,active
enr_991,sec_0035,stu_0381,active
enr_992,sec_0035,stu_0229,active
enr_993,sec_0035,stu_0788,active
enr_994,sec_0035,stu_1084,active
enr_995,sec_0035,stu_0133,active
enr_996,sec_0035,stu_1035,active
enr_997,sec_0035,stu_1115,active
enr_998,sec_0035,stu_0440,active
enr_999,sec_0035,stu_1314,active
enr_1000,sec_0035,stu_0687,active
enr_1001,sec_0035,stu_0670,active
enr_1002,sec_0035,stu_0714,active
enr_1003,sec_0035,stu_0623,active
enr_1004,sec_0035,stu_1271,active
enr_1005,sec_0035,stu_0285,active
enr_1006,sec_0035,stu_0148,active
enr_1007,sec_0035,stu_0619,active
enr_1008,sec_0036,stu_0754,active
enr_1009,sec_0036,stu_0617,active
enr_1010,sec_0036,stu_0608,active
enr_1011,sec_0036,stu_0914,active
enr_1012,sec_0036,stu_0748,active
enr_1013,sec_0036,stu_1394,active
enr_1014,sec_0036,stu_0466,active
enr_1015,sec_0036,stu_0411,active
enr_1016,sec_0036,stu_0928,active
enr_1017,sec_0036,stu_0130,active
enr_1018,sec_0036,stu_0876,active
enr_1019,sec_0036,stu_1226,active
enr_1020,sec_0036,stu_0728,active
enr_1021,sec_0036,stu_0014,active
enr_1022,sec_0036,stu_0625,active
enr_1023,sec_0036,stu_0988,active
enr_1024,sec_0036,stu_1222,active
enr_1025,sec_0036,stu_0028,active
enr_1026,sec_0036,stu_0334,active
enr_1027,sec_0036,stu_0658,active
enr_1028,sec_0036,stu_1218,active
enr_1029,sec_0036,stu_0192,active
enr_1030,sec_0037,stu_1093,active
enr_1031,sec_0037,stu_0706,active
enr_1032,sec_0037,stu_0791,active
enr_1033,sec_0037,stu_0177,active
enr_1034,sec_0037,stu_0057,active
enr_1035,sec_0037,stu_0902,active
enr_1036,sec_0037,stu_0178,active
enr_1037,sec_0037,stu_1188,active
enr_1038,sec_0037,stu_0705,active
enr_1039,sec_0037,stu_0321,active
enr_1040,sec_0037,stu_0270,active
enr_1041,sec_0037,stu_0094,active
enr_1042,sec_0037,stu_0964,active
enr_1043,sec_0037,stu_0607,active
enr_1044,sec_0037,stu_1195,active
enr_1045,sec_0037,stu_0613,active
enr_1046,sec_0037,stu_0729,active
enr_1047,sec_0037,stu_1259,active
enr_1048,sec_0037,stu_0537,active
enr_1049,sec_0037,stu_0515,active
enr_1050,sec_0037,stu_1197,active
enr_1051,sec_0037,stu_0494,active
enr_1052,sec_0037,stu_0328,active
enr_1053,sec_0037,stu_0783,active
enr_1054,sec_0037,stu_0369,active
enr_1055,sec_0037,stu_0266,active
enr_1056,sec_0037,stu_0120,active
enr_1057,sec_0037,stu_1091,active
enr_1058,sec_0037,stu_0323,active
enr_1059,sec_0037,stu_1191,active
enr_1060,sec_0037,stu_1010,active
enr_1061,sec_0037,stu_1121,active
enr_1062,sec_0037,stu_0200,active
enr_1063,sec_0037,stu_0098,active
enr_1064,sec_0037,stu_1029,active
enr_1065,sec_0037,stu_1018,active
enr_1066,sec_0037,stu_1015,active
enr_1067,sec_0037,stu_0456,active
enr_1068,sec_0037,stu_0487,active
enr_1069,sec_0037,stu_0213,active
enr_1070,sec_0037,stu_1115,active
enr_1071,sec_0037,stu_0097,active
enr_1072,sec_0037,stu_1168,active
enr_1073,sec_0037,stu_1190,active
enr_1074,sec_0037,stu_0703,active
enr_1075,sec_0038,stu_0477,active
enr_1076,sec_0038,stu_1341,active
enr_1077,sec_0038,stu_0567,active
enr_1078,sec_0038,stu_0525,active
enr_1079,sec_0038,stu_0134,active
enr_1080,sec_0038,stu_1195,active
enr_1081,sec_0038,stu_0104,active
enr_1082,sec_0038,stu_0410,active
enr_1083,sec_0038,stu_0242,active
enr_1084,sec_0038,stu_0098,active
enr_1085,sec_0038,stu_1015,active
enr_1086,sec_0038,stu_0205,active
enr_1087,sec_0038,stu_0950,active
enr_1088,sec_0038,stu_0642,active
enr_1089,sec_0038,stu_0861,active
enr_1090,sec_0038,stu_1260,active
enr_1091,sec_0038,stu_1309,active
enr_1092,sec_0038,stu_0352,active
enr_1093,sec_0038,stu_0174,active
enr_1094,sec_0038,stu_1112,active
enr_1095,sec_0038,stu_1370,active
enr_1096,sec_0038,stu_0565,active
enr_1097,sec_0038,stu_0243,active
enr_1098,sec_0038,stu_0365,active
enr_1099,sec_0038,stu_0634,active
enr_1100,sec_0038,stu_0380,active
enr_1101,sec_0038,stu_0519,active
enr_1102,sec_0038,stu_1206,active
enr_1103,sec_0038,stu_1270,active
enr_1104,sec_0038,stu_0931,active
enr_1105,sec_0038,stu_0718,active
enr_1106,sec_0038,stu_1030,active
enr_1107,sec_0038,stu_0280,active
enr_1108,sec_0039,stu_0547,active
enr_1109,sec_0039,stu_0803,active
enr_1110,sec_0039,stu_0320,active
enr_1111,sec_0039,stu_0499,active
enr_1112,sec_0039,stu_0334,active
enr_1113,sec_0039,stu_0524,active
enr_1114,sec_0039,stu_0595,active
enr_1115,sec_0039,stu_1221,active
enr_1116,sec_0039,stu_0724,active
enr_1117,sec_0039,stu_1017,active
enr_1118,sec_0039,stu_0501,active
enr_1119,sec_0039,stu_1389,active
enr_1120,sec_0039,stu_1257,active
enr_1121,sec_0039,stu_1365,active
enr_1122,sec_0039,stu_1113,active
enr_1123,sec_0039,stu_1149,active
enr_1124,sec_0039,stu_0217,active
enr_1125,sec_0039,stu_1314,active
enr_1126,sec_0039,stu_1095,active
enr_1127,sec_0039,stu_0798,active
enr_1128,sec_0039,stu_0349,active
enr_1129,sec_0039,stu_0601,active
enr_1130,sec_0039,stu_0959,active
enr_1131,sec_0039,stu_0209,active
enr_1132,sec_0039,stu_1272,active
enr_1133,sec_0039,stu_0271,active
enr_1134,sec_0039,stu_0716,active
enr_1135,sec_0039,stu_1193,active
enr_1136,sec_0039,stu_0991,active
enr_1137,sec_0039,stu_0769,active
enr_1138,sec_0039,stu_1243,active
enr_1139,sec_0039,stu_0630,active
enr_1140,sec_0039,stu_1120,active
enr_1141,sec_0039,stu_1352,active
enr_1142,sec_0039,stu_1111,active
enr_1143,sec_0039,stu_0772,active
enr_1144,sec_0039,stu_0781,active
enr_1145,sec_0039,stu_0047,active
enr_1146,sec_0039,stu_1307,active
enr_1147,sec_0039,stu_1127,active
enr_1148,sec_0039,stu_0916,active
enr_1149,sec_0039,stu_0757,active
enr_1150,sec_0040,stu_1071,active
enr_1151,sec_0040,stu_0459,active
enr_1152,sec_0040,stu_0831,active
enr_1153,sec_0040,stu_0672,active
enr_1154,sec_0040,stu_0719,active
enr_1155,sec_0040,stu_1220,active
enr_1156,sec_0040,stu_1395,active
enr_1157,sec_0040,stu_1168,active
enr_1158,sec_0040,stu_0486,active
enr_1159,sec_0040,stu_0825,active
enr_1160,sec_0040,stu_0474,active
enr_1161,sec_0040,stu_0433,active
enr_1162,sec_0040,stu_0172,active
enr_1163,sec_0040,stu_1055,active
enr_1164,sec_0040,stu_0687,active
enr_1165,sec_0040,stu_0203,active
enr_1166,sec_0040,stu_0122,active
enr_1167,sec_0040,stu_0444,active
enr_1168,sec_0040,stu_0658,active
enr_1169,sec_0040,stu_0555,active
enr_1170,sec_0040,stu_0364,active
enr_1171,sec_0040,stu_0558,active
enr_1172,sec_0040,stu_1213,active
enr_1173,sec_0040,stu_1035,active
enr_1174,sec_0040,stu_0991,active
enr_1175,sec_0040,stu_1139,active
enr_1176,sec_0040,stu_0412,active
enr_1177,sec_0040,stu_0049,active
enr_1178,sec_0040,stu_0401,active
enr_1179,sec_0040,stu_0217,active
enr_1180,sec_0040,stu_0794,active
enr_1181,sec_0040,stu_1134,active
enr_1182,sec_0040,stu_0939,active
enr_1183,sec_0040,stu_0275,active
enr_1184,sec_0040,stu_0762,active
enr_1185,sec_0040,stu_0037,active
enr_1186,sec_0040,stu_1066,active
enr_1187,sec_0040,stu_0893,active
enr_1188,sec_0040,stu_1118,active
enr_1189,sec_0040,stu_1109,active
enr_1190,sec_0040,stu_0623,active
enr_1191,sec_0040,stu_0019,active
enr_1192,sec_0040,stu_1303,active
