id,department_id,name,status
stu_0001,dep_cs,Student 1,active
stu_0002,dep_cs,Student 2,active
stu_0003,dep_eng,Student 3,active
stu_0004,dep_hum,Student 4,active
stu_0005,dep_bus,Student 5,active
stu_0006,dep_cs,Student 6,active
stu_0007,dep_cs,Student 7,active
stu_0008,dep_cs,Student 8,active
stu_0009,dep_bio,Student 9,active
stu_0010,dep_hum,Student 10,active
stu_0011,dep_cs,Student 11,active
stu_0012,dep_eng,Student 12,active
stu_0013,dep_bio,Student 13,active
stu_0014,dep_eng,Student 14,active
stu_0015,dep_cs,Student 15,active
stu_0016,dep_bus,Student 16,active
stu_0017,dep_hum,Student 17,active
stu_0018,dep_cs,Student 18,active
stu_0019,dep_eng,Student 19,active
stu_0020,dep_eng,Student 20,active
stu_0021,dep_bus,Student 21,active
stu_0022,dep_hum,Student 22,active
stu_0023,dep_eng,Student 23,active
stu_0024,dep_bus,Student 24,active
stu_0025,dep_hum,Student 25,active
stu_0026,dep_bus,Student 26,active
stu_0027,dep_eng,Student 27,active
stu_0028,dep_bus,Student 28,active
stu_0029,dep_hum,Student 29,active
stu_0030,dep_hum,Student 30,active
stu_0031,dep_hum,Student 31,active
stu_0032,dep_cs,Student 32,active
stu_0033,dep_cs,Student 33,active
stu_0034,dep_eng,Student 34,active
stu_0035,dep_hum,Student 35,active
stu_0036,dep_bio,Student 36,active
stu_0037,dep_bus,Student 37,active
stu_0038,dep_bio,Student 38,active
stu_0039,dep_bus,Student 39,active
stu_0040,dep_bus,Student 40,active
stu_0041,dep_hum,Student 41,active
stu_0042,dep_bio,Student 42,active
stu_0043,dep_bio,Student 43,active
stu_0044,dep_bus,Student 44,active
stu_0045,dep_eng,Student 45,active
stu_0046,dep_bio,Student 46,active
stu_0047,dep_cs,Student 47,active
stu_0048,dep_cs,Student 48,active
stu_0049,dep_bio,Student 49,active
stu_0050,dep_bio,Student 50,active
stu_0051,dep_hum,Student 51,active
stu_0052,dep_cs,Student 52,active
stu_0053,dep_bus,Student 53,active
stu_0054,dep_bio,Student 54,active
stu_0055,dep_cs,Student 55,active
stu_0056,dep_eng,Student 56,active
stu_0057,dep_eng,Student 57,active
stu_0058,dep_bio,Student 58,active
stu_0059,dep_bus,Student 59,active
stu_0060,dep_cs,Student 60,active
stu_0061,dep_cs,Student 61,active
stu_0062,dep_eng,Student 62,active
stu_0063,dep_hum,Student 63,active
stu_0064,dep_cs,Student 64,active
stu_0065,dep_bus,Student 65,active
stu_0066,dep_bio,Student 66,active
stu_0067,dep_cs,Student 67,active
stu_0068,dep_bus,Student 68,active
stu_0069,dep_bio,Student 69,active
stu_0070,dep_bio,Student 70,active
stu_0071,dep_hum,Student 71,active
stu_0072,dep_eng,Student 72,active
stu_0073,dep_bio,Student 73,active
stu_0074,dep_hum,Student 74,active
stu_0075,dep_cs,Student 75,active
stu_0076,dep_hum,Student 76,active
stu_0077,dep_cs,Student 77,active
stu_0078,dep_bio,Student 78,active
stu_0079,dep_hum,Student 79,active
stu_0080,dep_cs,Student 80,active
stu_0081,dep_hum,Student 81,active
stu_0082,dep_hum,Student 82,active
stu_0083,dep_cs,Student 83,active
stu_0084,dep_hum,Student 84,active
stu_0085,dep_bio,Student 85,active
stu_0086,dep_eng,Student 86,active
stu_0087,dep_eng,Student 87,active
stu_0088,dep_bio,Student 88,active
stu_0089,dep_bus,Student 89,active
stu_0090,dep_cs,Student 90,active
stu_0091,dep_bus,Student 91,active
stu_0092,dep_cs,Student 92,active
stu_0093,dep_bio,Student 93,active
stu_0094,dep_bio,Student 94,active
stu_0095,dep_hum,Student 95,active
stu_0096,dep_bio,Student 96,active
stu_0097,dep_hum,Student 97,active
stu_0098,dep_cs,Student 98,active
stu_0099,dep_bio,Student 99,active
stu_0100,dep_bus,Student 100,active
stu_0101,dep_bus,Student 101,active
stu_0102,dep_hum,Student 102,active
stu_0103,dep_cs,Student 103,active
stu_0104,dep_bus,Student 104,active
stu_0105,dep_bio,Student 105,active
stu_0106,dep_eng,Student 106,active
stu_0107,dep_bio,Student 107,active
stu_0108,dep_eng,Student 108,active
stu_0109,dep_bus,Student 109,active
stu_0110,dep_eng,Student 110,active
stu_0111,dep_bus,Student 111,active
stu_0112,dep_bio,Student 112,active
stu_0113,dep_cs,Student 113,active
stu_0114,dep_eng,Student 114,active
stu_0115,dep_cs,Student 115,active
stu_0116,dep_bio,Student 116,withdrawn
stu_0117,dep_cs,Student 117,active
stu_0118,dep_eng,Student 118,active
stu_0119,dep_bus,Student 119,active
stu_0120,dep_bus,Student 120,active
stu_0121,dep_eng,Student 121,active
stu_0122,dep_bio,Student 122,active
stu_0123,dep_cs,Student 123,active
stu_0124,dep_cs,Student 124,active
stu_0125,dep_cs,Student 125,active
stu_0126,dep_cs,Student 126,active
stu_0127,dep_bio,Student 127,active
stu_0128,dep_bio,Student 128,active
stu_0129,dep_hum,Student 129,active
stu_0130,dep_eng,Student 130,active
stu_0131,dep_bio,Student 131,active
stu_0132,dep_cs,Student 132,active
stu_0133,dep_eng,Student 133,active
stu_0134,dep_bio,Student 134,active
stu_0135,dep_bus,Student 135,active
stu_0136,dep_bio,Student 136,active
stu_0137,dep_bio,Student 137,active
stu_0138,dep_eng,Student 138,active
stu_0139,dep_bio,Student 139,active
stu_0140,dep_hum,Student 140,active
stu_0141,dep_bio,Student 141,active
stu_0142,dep_bus,Student 142,active
stu_0143,dep_bus,Student 143,active
stu_0144,dep_bus,Student 144,active
stu_0145,dep_bio,Student 145,active
stu_0146,dep_hum,Student 146,active
stu_0147,dep_bio,Student 147,active
stu_0148,dep_eng,Student 148,active
stu_0149,dep_eng,Student 149,active
stu_0150,dep_bus,Student 150,active
stu_0151,dep_hum,Student 151,active
stu_0152,dep_bio,Student 152,active
stu_0153,dep_eng,Student 153,active
stu_0154,dep_cs,Student 154,active
stu_0155,dep_bus,Student 155,active
stu_0156,dep_cs,Student 156,active
stu_0157,dep_bus,Student 157,active
stu_0158,dep_cs,Student 158,active
stu_0159,dep_hum,Student 159,active
stu_0160,dep_bio,Student 160,active
stu_0161,dep_hum,Student 161,active
stu_0162,dep_cs,Student 162,active
stu_0163,dep_bio,Student 163,active
stu_0164,dep_cs,Student 164,active
stu_0165,dep_hum,Student 165,active
stu_0166,dep_eng,Student 166,active
stu_0167,dep_eng,Student 167,active
stu_0168,dep_eng,Student 168,active
stu_0169,dep_eng,Student 169,active
stu_0170,dep_bio,Student 170,active
stu_0171,dep_bus,Student 171,active
stu_0172,dep_cs,Student 172,active
stu_0173,dep_bio,Student 173,active
stu_0174,dep_bus,Student 174,active
stu_0175,dep_bio,Student 175,active
stu_0176,dep_bio,Student 176,active
stu_0177,dep_bus,Student 177,active
stu_0178,dep_bio,Student 178,active
stu_0179,dep_cs,Student 179,active
stu_0180,dep_bio,Student 180,active
stu_0181,dep_cs,Student 181,active
stu_0182,dep_hum,Student 182,active
stu_0183,dep_eng,Student 183,active
stu_0184,dep_cs,Student 184,active
stu_0185,dep_cs,Student 185,active
stu_0186,dep_bio,Student 186,active
stu_0187,dep_hum,Student 187,active
stu_0188,dep_hum,Student 188,active
stu_0189,dep_bio,Student 189,active
stu_0190,dep_bio,Student 190,active
stu_0191,dep_bio,Student 191,active
stu_0192,dep_bus,Student 192,active
stu_0193,dep_hum,Student 193,active
stu_0194,dep_eng,Student 194,active
stu_0195,dep_hum,Student 195,active
stu_0196,dep_bus,Student 196,active
stu_0197,dep_bio,Student 197,active
stu_0198,dep_cs,Student 198,active
stu_0199,dep_bus,Student 199,active
stu_0200,dep_hum,Student 200,active
stu_0201,dep_bio,Student 201,active
stu_0202,dep_cs,Student 202,active
stu_0203,dep_hum,Student 203,active
stu_0204,dep_eng,Student 204,active
stu_0205,dep_cs,Student 205,active
stu_0206,dep_bus,Student 206,active
stu_0207,dep_bio,Student 207,active
stu_0208,dep_hum,Student 208,active
stu_0209,dep_eng,Student 209,active
stu_0210,dep_bio,Student 210,active
stu_0211,dep_bio,Student 211,active
stu_0212,dep_eng,Student 212,active
stu_0213,dep_bio,Student 213,active
stu_0214,dep_cs,Student 214,active
stu_0215,dep_cs,Student 215,active
stu_0216,dep_bio,Student 216,active
stu_0217,dep_eng,Student 217,active
stu_0218,dep_bio,Student 218,active
stu_0219,dep_eng,Student 219,active
stu_0220,dep_bio,Student 220,active
stu_0221,dep_eng,Student 221,active
stu_0222,dep_bus,Student 222,active
stu_0223,dep_hum,Student 223,active
stu_0224,dep_eng,Student 224,active
stu_0225,dep_cs,Student 225,active
stu_0226,dep_cs,Student 226,active
stu_0227,dep_cs,Student 227,active
stu_0228,dep_hum,Student 228,active
stu_0229,dep_bus,Student 229,active
stu_0230,dep_bus,Student 230,active
stu_0231,dep_bio,Student 231,active
stu_0232,dep_eng,Student 232,active
stu_0233,dep_hum,Student 233,active
stu_0234,dep_bio,Student 234,active
stu_0235,dep_bio,Student 235,active
stu_0236,dep_hum,Student 236,active
stu_0237,dep_cs,Student 237,active
stu_0238,dep_hum,Student 238,active
stu_0239,dep_bio,Student 239,active
stu_0240,dep_bus,Student 240,active
stu_0241,dep_bus,Student 241,active
stu_0242,dep_bus,Student 242,active
stu_0243,dep_bio,Student 243,active
stu_0244,dep_bus,Student 244,active
stu_0245,dep_bio,Student 245,active
stu_0246,dep_bio,Student 246,active
stu_0247,dep_bus,Student 247,active
stu_0248,dep_bio,Student 248,active
stu_0249,dep_bio,Student 249,active
stu_0250,dep_hum,Student 250,active
stu_0251,dep_bus,Student 251,active
stu_0252,dep_bio,Student 252,active
stu_0253,dep_eng,Student 253,active
stu_0254,dep_hum,Student 254,active
stu_0255,dep_eng,Student 255,active
stu_0256,dep_eng,Student 256,active
stu_0257,dep_cs,Student 257,active
stu_0258,dep_cs,Student 258,active
stu_0259,dep_bio,Student 259,active
stu_0260,dep_hum,Student 260,active
stu_0261,dep_bio,Student 261,active
stu_0262,dep_hum,Student 262,active
stu_0263,dep_eng,Student 263,active
stu_0264,dep_hum,Student 264,active
stu_0265,dep_eng,Student 265,active
stu_0266,dep_bio,Student 266,active
stu_0267,dep_bus,Student 267,active
stu_0268,dep_bus,Student 268,active
stu_0269,dep_hum,Student 269,active
stu_0270,dep_bio,Student 270,active
stu_0271,dep_cs,Student 271,active
stu_0272,dep_hum,Student 272,active
stu_0273,dep_bio,Student 273,active
stu_0274,dep_hum,Student 274,active
stu_0275,dep_bio,Student 275,active
stu_0276,dep_bus,Student 276,active
stu_0277,dep_hum,Student 277,active
stu_0278,dep_cs,Student 278,active
stu_0279,dep_bus,Student 279,active
stu_0280,dep_bus,Student 280,active
stu_0281,dep_bio,Student 281,active
stu_0282,dep_bio,Student 282,active
stu_0283,dep_bus,Student 283,active
stu_0284,dep_hum,Student 284,active
stu_0285,dep_hum,Student 285,active
stu_0286,dep_bus,Student 286,active
stu_0287,dep_cs,Student 287,withdrawn
stu_0288,dep_eng,Student 288,active
stu_0289,dep_bus,Student 289,active
stu_0290,dep_hum,Student 290,active
stu_0291,dep_bio,Student 291,active
stu_0292,dep_eng,Student 292,active
stu_0293,dep_bus,Student 293,active
stu_0294,dep_bio,Student 294,active
stu_0295,dep_eng,Student 295,active
stu_0296,dep_hum,Student 296,active
stu_0297,dep_hum,Student 297,active
stu_0298,dep_cs,Student 298,active
stu_0299,dep_eng,Student 299,active
stu_0300,dep_cs,Student 300,active
stu_0301,dep_cs,Student 301,active
stu_0302,dep_hum,Student 302,active
stu_0303,dep_hum,Student 303,active
stu_0304,dep_cs,Student 304,active
stu_0305,dep_eng,Student 305,active
stu_0306,dep_bus,Student 306,active
stu_0307,dep_bio,Student 307,active
stu_0308,dep_cs,Student 308,active
stu_0309,dep_bio,Student 309,active
stu_0310,dep_hum,Student 310,active
stu_0311,dep_cs,Student 311,active
stu_0312,dep_cs,Student 312,active
stu_0313,dep_eng,Student 313,active
stu_0314,dep_bio,Student 314,active
stu_0315,dep_bus,Student 315,active
stu_0316,dep_bio,Student 316,active
stu_0317,dep_eng,Student 317,active
stu_0318,dep_bus,Student 318,active
stu_0319,dep_cs,Student 319,active
stu_0320,dep_cs,Student 320,active
stu_0321,dep_eng,Student 321,active
stu_0322,dep_hum,Student 322,active
stu_0323,dep_cs,Student 323,active
stu_0324,dep_cs,Student 324,active
stu_0325,dep_bus,Student 325,active
stu_0326,dep_cs,Student 326,active
stu_0327,dep_cs,Student 327,active
stu_0328,dep_hum,Student 328,active
stu_0329,dep_cs,Student 329,active
stu_0330,dep_bus,Student 330,active
stu_0331,dep_bus,Student 331,active
stu_0332,dep_bio,Student 332,active
stu_0333,dep_eng,Student 333,active
stu_0334,dep_bio,Student 334,active
stu_0335,dep_eng,Student 335,active
stu_0336,dep_bus,Student 336,active
stu_0337,dep_eng,Student 337,active
stu_0338,dep_bus,Student 338,active
stu_0339,dep_bus,Student 339,active
stu_0340,dep_bio,Student 340,active
stu_0341,dep_hum,Student 341,active
stu_0342,dep_eng,Student 342,active
stu_0343,dep_eng,Student 343,active
stu_0344,dep_hum,Student 344,active
stu_0345,dep_cs,Student 345,active
stu_0346,dep_bus,Student 346,active
stu_0347,dep_cs,Student 347,active
stu_0348,dep_bio,Student 348,active
stu_0349,dep_hum,Student 349,active
stu_0350,dep_cs,Student 350,active
stu_0351,dep_bus,Student 351,active
stu_0352,dep_hum,Student 352,active
stu_0353,dep_eng,Student 353,active
stu_0354,dep_cs,Student 354,active
stu_0355,dep_hum,Student 355,active
stu_0356,dep_bus,Student 356,active
stu_0357,dep_bio,Student 357,active
stu_0358,dep_hum,Student 358,active
stu_0359,dep_bus,Student 359,active
stu_0360,dep_hum,Student 360,active
stu_0361,dep_bio,Student 361,active
stu_0362,dep_bus,Student 362,active
stu_0363,dep_bio,Student 363,active
stu_0364,dep_hum,Student 364,active
stu_0365,dep_bio,Student 365,active
stu_0366,dep_bio,Student 366,active
stu_0367,dep_hum,Student 367,active
stu_0368,dep_bio,Student 368,active
stu_0369,dep_bus,Student 369,active
stu_0370,dep_bus,Student 370,active
stu_0371,dep_bio,Student 371,active
stu_0372,dep_hum,Student 372,active
stu_0373,dep_hum,Student 373,active
stu_0374,dep_hum,Student 374,active
stu_0375,dep_bus,Student 375,active
stu_0376,dep_bio,Student 376,active
stu_0377,dep_eng,Student 377,active
stu_0378,dep_cs,Student 378,active
stu_0379,dep_cs,Student 379,active
stu_0380,dep_hum,Student 380,active
stu_0381,dep_eng,Student 381,active
stu_0382,dep_bus,Student 382,active
stu_0383,dep_hum,Student 383,active
stu_0384,dep_hum,Student 384,active
stu_0385,dep_cs,Student 385,active
stu_0386,dep_eng,Student 386,active
stu_0387,dep_cs,Student 387,active
stu_0388,dep_cs,Student 388,active
stu_0389,dep_hum,Student 389,active
stu_0390,dep_hum,Student 390,active
stu_0391,dep_bio,Student 391,active
stu_0392,dep_bio,Student 392,active
stu_0393,dep_cs,Student 393,active
stu_0394,dep_bio,Student 394,active
stu_0395,dep_cs,Student 395,active
stu_0396,dep_bus,Student 396,active
stu_0397,dep_cs,Student 397,active
stu_0398,dep_cs,Student 398,active
stu_0399,dep_cs,Student 399,active
stu_0400,dep_cs,Student 400,active
stu_0401,dep_bio,Student 401,active
stu_0402,dep_eng,Student 402,active
stu_0403,dep_bio,Student 403,active
stu_0404,dep_eng,Student 404,active
stu_0405,dep_bus,Student 405,active
stu_0406,dep_bus,Student 406,active
stu_0407,dep_bus,Student 407,active
stu_0408,dep_bio,Student 408,active
stu_0409,dep_hum,Student 409,active
stu_0410,dep_bus,Student 410,active
stu_0411,dep_cs,Student 411,active
stu_0412,dep_bus,Student 412,active
stu_0413,dep_bus,Student 413,active
stu_0414,dep_bus,Student 414,active
stu_0415,dep_cs,Student 415,active
stu_0416,dep_eng,Student 416,active
stu_0417,dep_eng,Student 417,active
stu_0418,dep_bio,Student 418,active
stu_0419,dep_bio,Student 419,active
stu_0420,dep_eng,Student 420,active
stu_0421,dep_bio,Student 421,active
stu_0422,dep_bio,Student 422,active
stu_0423,dep_bio,Student 423,active
stu_0424,dep_hum,Student 424,active
stu_0425,dep_eng,Student 425,active
stu_0426,dep_cs,Student 426,active
stu_0427,dep_hum,Student 427,active
stu_0428,dep_cs,Student 428,active
stu_0429,dep_bio,Student 429,active
stu_0430,dep_bus,Student 430,active
stu_0431,dep_hum,Student 431,active
stu_0432,dep_hum,Student 432,active
stu_0433,dep_eng,Student 433,active
stu_0434,dep_eng,Student 434,active
stu_0435,dep_cs,Student 435,active
stu_0436,dep_bio,Student 436,active
stu_0437,dep_cs,Student 437,active
stu_0438,dep_hum,Student 438,active
stu_0439,dep_eng,Student 439,active
stu_0440,dep_eng,Student 440,active
stu_0441,dep_bus,Student 441,active
stu_0442,dep_bio,Student 442,active
stu_0443,dep_eng,Student 443,active
stu_0444,dep_bus,Student 444,active
stu_0445,dep_eng,Student 445,active
stu_0446,dep_hum,Student 446,active
stu_0447,dep_hum,Student 447,active
stu_0448,dep_eng,Student 448,active
stu_0449,dep_hum,Student 449,active
stu_0450,dep_cs,Student 450,active
stu_0451,dep_eng,Student 451,active
stu_0452,dep_bio,Student 452,active
stu_0453,dep_cs,Student 453,active
stu_0454,dep_eng,Student 454,active
stu_0455,dep_eng,Student 455,active
stu_0456,dep_hum,Student 456,active
stu_0457,dep_hum,Student 457,active
stu_0458,dep_eng,Student 458,active
stu_0459,dep_hum,Student 459,active
stu_0460,dep_bio,Student 460,active
stu_0461,dep_hum,Student 461,active
stu_0462,dep_bus,Student 462,active
stu_0463,dep_bus,Student 463,active
stu_0464,dep_bus,Student 464,active
stu_0465,dep_eng,Student 465,active
stu_0466,dep_cs,Student 466,active
stu_0467,dep_cs,Student 467,active
stu_0468,dep_eng,Student 468,active
stu_0469,dep_bio,Student 469,active
stu_0470,dep_hum,Student 470,active
stu_0471,dep_bio,Student 471,active
stu_0472,dep_bus,Student 472,active
stu_0473,dep_bio,Student 473,active
stu_0474,dep_bio,Student 474,withdrawn
stu_0475,dep_bus,Student 475,active
stu_0476,dep_hum,Student 476,active
stu_0477,dep_eng,Student 477,active
stu_0478,dep_cs,Student 478,active
stu_0479,dep_hum,Student 479,active
stu_0480,dep_cs,Student 480,active
stu_0481,dep_bio,Student 481,active
stu_0482,dep_cs,Student 482,active
stu_0483,dep_hum,Student 483,active
stu_0484,dep_bus,Student 484,active
stu_0485,dep_bio,Student 485,active
stu_0486,dep_hum,Student 486,active
stu_0487,dep_bus,Student 487,active
stu_0488,dep_hum,Student 488,active
stu_0489,dep_eng,Student 489,active
stu_0490,dep_bio,Student 490,active
stu_0491,dep_eng,Student 491,active
stu_0492,dep_bus,Student 492,active
stu_0493,dep_bio,Student 493,active
stu_0494,dep_cs,Student 494,active
stu_0495,dep_eng,Student 495,active
stu_0496,dep_bio,Student 496,active
stu_0497,dep_bio,Student 497,active
stu_0498,dep_eng,Student 498,active
stu_0499,dep_eng,Student 499,active
stu_0500,dep_bus,Student 500,active
stu_0501,dep_bio,Student 501,active
stu_0502,dep_cs,Student 502,active
stu_0503,dep_bus,Student 503,active
stu_0504,dep_bio,Student 504,active
stu_0505,dep_bio,Student 505,active
stu_0506,dep_eng,Student 506,active
stu_0507,dep_hum,Student 507,active
stu_0508,dep_cs,Student 508,active
stu_0509,dep_cs,Student 509,active
stu_0510,dep_cs,Student 510,active
stu_0511,dep_bus,Student 511,active
stu_0512,dep_cs,Student 512,active
stu_0513,dep_cs,Student 513,active
stu_0514,dep_cs,Student 514,active
stu_0515,dep_hum,Student 515,active
stu_0516,dep_cs,Student 516,active
stu_0517,dep_cs,Student 517,active
stu_0518,dep_eng,Student 518,active
stu_0519,dep_hum,Student 519,active
stu_0520,dep_hum,Student 520,active
stu_0521,dep_bus,Student 521,active
stu_0522,dep_bio,Student 522,active
stu_0523,dep_bus,Student 523,active
stu_0524,dep_cs,Student 524,active
stu_0525,dep_bus,Student 525,active
stu_0526,dep_bus,Student 526,active
stu_0527,dep_cs,Student 527,active
stu_0528,dep_eng,Student 528,active
stu_0529,dep_cs,Student 529,active
stu_0530,dep_hum,Student 530,active
stu_0531,dep_hum,Student 531,active
stu_0532,dep_bus,Student 532,active
stu_0533,dep_bio,Student 533,active
stu_0534,dep_hum,Student 534,active
stu_0535,dep_cs,Student 535,active
stu_0536,dep_eng,Student 536,active
stu_0537,dep_hum,Student 537,active
stu_0538,dep_bio,Student 538,active
stu_0539,dep_hum,Student 539,active
stu_0540,dep_hum,Student 540,active
stu_0541,dep_bus,Student 541,active
stu_0542,dep_cs,Student 542,active
stu_0543,dep_cs,Student 543,active
stu_0544,dep_eng,Student 544,active
stu_0545,dep_eng,Student 545,active
stu_0546,dep_cs,Student 546,active
stu_0547,dep_bus,Student 547,active
stu_0548,dep_bio,Student 548,active
stu_0549,dep_bus,Student 549,active
stu_0550,dep_eng,Student 550,active
stu_0551,dep_bio,Student 551,active
stu_0552,dep_hum,Student 552,active
stu_0553,dep_bus,Student 553,active
stu_0554,dep_eng,Student 554,active
stu_0555,dep_cs,Student 555,active
stu_0556,dep_bus,Student 556,active
stu_0557,dep_hum,Student 557,active
stu_0558,dep_bio,Student 558,active
stu_0559,dep_hum,Student 559,active
stu_0560,dep_bio,Student 560,active
stu_0561,dep_hum,Student 561,active
stu_0562,dep_bio,Student 562,active
stu_0563,dep_bus,Student 563,active
stu_0564,dep_bio,Student 564,active
stu_0565,dep_bus,Student 565,active
stu_0566,dep_hum,Student 566,active
stu_0567,dep_cs,Student 567,active
stu_0568,dep_eng,Student 568,active
stu_0569,dep_eng,Student 569,active
stu_0570,dep_cs,Student 570,active
stu_0571,dep_eng,Student 571,active
stu_0572,dep_eng,Student 572,active
stu_0573,dep_hum,Student 573,active
stu_0574,dep_cs,Student 574,active
stu_0575,dep_hum,Student 575,active
stu_0576,dep_bus,Student 576,active
stu_0577,dep_bus,Student 577,active
stu_0578,dep_cs,Student 578,active
stu_0579,dep_cs,Student 579,active
stu_0580,dep_eng,Student 580,active
stu_0581,dep_cs,Student 581,active
stu_0582,dep_bio,Student 582,active
stu_0583,dep_hum,Student 583,active
stu_0584,dep_bio,Student 584,active
stu_0585,dep_bus,Student 585,active
stu_0586,dep_eng,Student 586,active
stu_0587,dep_bio,Student 587,active
stu_0588,dep_bio,Student 588,active
stu_0589,dep_eng,Student 589,active
stu_0590,dep_bio,Student 590,active
stu_0591,dep_bio,Student 591,active
stu_0592,dep_hum,Student 592,active
stu_0593,dep_bio,Student 593,active
stu_0594,dep_cs,Student 594,active
stu_0595,dep_hum,Student 595,active
stu_0596,dep_hum,Student 596,active
stu_0597,dep_hum,Student 597,active
stu_0598,dep_bio,Student 598,active
stu_0599,dep_bio,Student 599,active
stu_0600,dep_bio,Student 600,active
stu_0601,dep_eng,Student 601,active
stu_0602,dep_eng,Student 602,active
stu_0603,dep_bus,Student 603,active
stu_0604,dep_bus,Student 604,active
stu_0605,dep_bio,Student 605,active
stu_0606,dep_eng,Student 606,active
stu_0607,dep_eng,Student 607,active
stu_0608,dep_cs,Student 608,active
stu_0609,dep_hum,Student 609,active
stu_0610,dep_cs,Student 610,active
stu_0611,dep_bus,Student 611,active
stu_0612,dep_hum,Student 612,active
stu_0613,dep_cs,Student 613,active
stu_0614,dep_eng,Student 614,active
stu_0615,dep_hum,Student 615,active
stu_0616,dep_bio,Student 616,active
stu_0617,dep_bio,Student 617,active
stu_0618,dep_bus,Student 618,active
stu_0619,dep_bus,Student 619,active
stu_0620,dep_hum,Student 620,active
stu_0621,dep_hum,Student 621,active
stu_0622,dep_hum,Student 622,active
stu_0623,dep_eng,Student 623,active
stu_0624,dep_cs,Student 624,active
stu_0625,dep_bus,Student 625,active
stu_0626,dep_bus,Student 626,active
stu_0627,dep_hum,Student 627,active
stu_0628,dep_hum,Student 628,active
stu_0629,dep_bus,Student 629,active
stu_0630,dep_hum,Student 630,active
stu_0631,dep_cs,Student 631,active
stu_0632,dep_hum,Student 632,active
stu_0633,dep_cs,Student 633,active
stu_0634,dep_hum,Student 634,active
stu_0635,dep_cs,Student 635,active
stu_0636,dep_bus,Student 636,active
stu_0637,dep_bus,Student 637,active
stu_0638,dep_eng,Student 638,active
stu_0639,dep_hum,Student 639,active
stu_0640,dep_eng,Student 640,active
stu_0641,dep_hum,Student 641,active
stu_0642,dep_bus,Student 642,active
stu_0643,dep_bus,Student 643,active
stu_0644,dep_bio,Student 644,active
stu_0645,dep_bus,Student 645,active
stu_0646,dep_bus,Student 646,active
stu_0647,dep_eng,Student 647,active
stu_0648,dep_eng,Student 648,active
stu_0649,dep_bio,Student 649,active
stu_0650,dep_hum,Student 650,active
stu_0651,dep_bio,Student 651,active
stu_0652,dep_cs,Student 652,active
stu_0653,dep_bio,Student 653,active
stu_0654,dep_eng,Student 654,active
stu_0655,dep_hum,Student 655,active
stu_0656,dep_cs,Student 656,active
stu_0657,dep_bus,Student 657,active
stu_0658,dep_hum,Student 658,active
stu_0659,dep_bio,Student 659,active
stu_0660,dep_cs,Student 660,active
stu_0661,dep_eng,Student 661,active
stu_0662,dep_eng,Student 662,active
stu_0663,dep_cs,Student 663,active
stu_0664,dep_bio,Student 664,active
stu_0665,dep_eng,Student 665,active
stu_0666,dep_cs,Student 666,active
stu_0667,dep_bus,Student 667,active
stu_0668,dep_eng,Student 668,active
stu_0669,dep_bio,Student 669,active
stu_0670,dep_eng,Student 670,active
stu_0671,dep_eng,Student 671,active
stu_0672,dep_bio,Student 672,active
stu_0673,dep_eng,Student 673,active
stu_0674,dep_cs,Student 674,active
stu_0675,dep_eng,Student 675,active
stu_0676,dep_eng,Student 676,active
stu_0677,dep_cs,Student 677,active
stu_0678,dep_hum,Student 678,active
stu_0679,dep_bus,Student 679,active
stu_0680,dep_bio,Student 680,active
stu_0681,dep_bus,Student 681,active
stu_0682,dep_bio,Student 682,active
stu_0683,dep_eng,Student 683,active
stu_0684,dep_cs,Student 684,active
stu_0685,dep_cs,Student 685,active
stu_0686,dep_cs,Student 686,active
stu_0687,dep_hum,Student 687,active
stu_0688,dep_bio,Student 688,active
stu_0689,dep_cs,Student 689,active
stu_0690,dep_eng,Student 690,active
stu_0691,dep_bus,Student 691,active
stu_0692,dep_hum,Student 692,active
stu_0693,dep_cs,Student 693,active
stu_0694,dep_cs,Student 694,active
stu_0695,dep_hum,Student 695,active
stu_0696,dep_bus,Student 696,active
stu_0697,dep_bus,Student 697,active
stu_0698,dep_cs,Student 698,active
stu_0699,dep_cs,Student 699,active
stu_0700,dep_bio,Student 700,active
stu_0701,dep_cs,Student 701,active
stu_0702,dep_bus,Student 702,active
stu_0703,dep_cs,Student 703,active
stu_0704,dep_hum,Student 704,active
stu_0705,dep_eng,Student 705,active
stu_0706,dep_eng,Student 706,active
stu_0707,dep_bus,Student 707,active
stu_0708,dep_bus,Student 708,active
stu_0709,dep_cs,Student 709,active
stu_0710,dep_bio,Student 710,active
stu_0711,dep_cs,Student 711,active
stu_0712,dep_hum,Student 712,active
stu_0713,dep_cs,Student 713,active
stu_0714,dep_eng,Student 714,active
stu_0715,dep_cs,Student 715,active
stu_0716,dep_hum,Student 716,active
stu_0717,dep_eng,Student 717,active
stu_0718,dep_bio,Student 718,active
stu_0719,dep_cs,Student 719,active
stu_0720,dep_bus,Student 720,active
stu_0721,dep_bio,Student 721,active
stu_0722,dep_bio,Student 722,active
stu_0723,dep_cs,Student 723,active
stu_0724,dep_eng,Student 724,active
stu_0725,dep_eng,Student 725,active
stu_0726,dep_hum,Student 726,active
stu_0727,dep_cs,Student 727,active
stu_0728,dep_hum,Student 728,active
stu_0729,dep_cs,Student 729,active
stu_0730,dep_bio,Student 730,active
stu_0731,dep_cs,Student 731,active
stu_0732,dep_eng,Student 732,active
stu_0733,dep_cs,Student 733,active
stu_0734,dep_cs,Student 734,active
stu_0735,dep_bus,Student 735,active
stu_0736,dep_hum,Student 736,active
stu_0737,dep_bio,Student 737,active
stu_0738,dep_cs,Student 738,active
stu_0739,dep_bus,Student 739,active
stu_0740,dep_cs,Student 740,active
stu_0741,dep_bio,Student 741,active
stu_0742,dep_cs,Student 742,active
stu_0743,dep_eng,Student 743,active
stu_0744,dep_eng,Student 744,active
stu_0745,dep_bus,Student 745,active
stu_0746,dep_bio,Student 746,active
stu_0747,dep_bus,Student 747,active
stu_0748,dep_bio,Student 748,active
stu_0749,dep_bio,Student 749,active
stu_0750,dep_bus,Student 750,active
stu_0751,dep_cs,Student 751,active
stu_0752,dep_bio,Student 752,active
stu_0753,dep_bus,Student 753,active
stu_0754,dep_bus,Student 754,active
stu_0755,dep_bus,Student 755,active
stu_0756,dep_bio,Student 756,active
stu_0757,dep_eng,Student 757,active
stu_0758,dep_hum,Student 758,active
stu_0759,dep_eng,Student 759,active
stu_0760,dep_hum,Student 760,active
stu_0761,dep_hum,Student 761,active
stu_0762,dep_bio,Student 762,active
stu_0763,dep_cs,Student 763,active
stu_0764,dep_bio,Student 764,active
stu_0765,dep_hum,Student 765,active
stu_0766,dep_eng,Student 766,active
stu_0767,dep_cs,Student 767,active
stu_0768,dep_hum,Student 768,active
stu_0769,dep_cs,Student 769,active
stu_0770,dep_cs,Student 770,active
stu_0771,dep_bio,Student 771,active
stu_0772,dep_bio,Student 772,active
stu_0773,dep_bus,Student 773,active
stu_0774,dep_bus,Student 774,active
stu_0775,dep_bus,Student 775,active
stu_0776,dep_bus,Student 776,active
stu_0777,dep_bus,Student 777,active
stu_0778,dep_bio,Student 778,active
stu_0779,dep_bio,Student 779,active
stu_0780,dep_hum,Student 780,active
stu_0781,dep_bio,Student 781,active
stu_0782,dep_bus,Student 782,active
stu_0783,dep_hum,Student 783,active
stu_0784,dep_bio,Student 784,active
stu_0785,dep_cs,Student 785,active
stu_0786,dep_bio,Student 786,active
stu_0787,dep_cs,Student 787,active
stu_0788,dep_eng,Student 788,active
stu_0789,dep_eng,Student 789,active
stu_0790,dep_cs,Student 790,active
stu_0791,dep_eng,Student 791,active
stu_0792,dep_eng,Student 792,active
stu_0793,dep_bio,Student 793,active
stu_0794,dep_bio,Student 794,active
stu_0795,dep_eng,Student 795,active
stu_0796,dep_hum,Student 796,active
stu_0797,dep_eng,Student 797,active
stu_0798,dep_bus,Student 798,active
stu_0799,dep_cs,Student 799,active
stu_0800,dep_cs,Student 800,active
stu_0801,dep_cs,Student 801,active
stu_0802,dep_eng,Student 802,active
stu_0803,dep_hum,Student 803,active
stu_0804,dep_eng,Student 804,active
stu_0805,dep_bio,Student 805,active
stu_0806,dep_cs,Student 806,active
stu_0807,dep_eng,Student 807,active
stu_0808,dep_hum,Student 808,active
stu_0809,dep_bus,Student 809,active
stu_0810,dep_bus,Student 810,active
stu_0811,dep_bio,Student 811,active
stu_0812,dep_cs,Student 812,active
stu_0813,dep_bio,Student 813,active
stu_0814,dep_cs,Student 814,active
stu_0815,dep_bio,Student 815,active
stu_0816,dep_hum,Student 816,active
stu_0817,dep_bus,Student 817,active
stu_0818,dep_hum,Student 818,active
stu_0819,dep_hum,Student 819,active
stu_0820,dep_eng,Student 820,active
stu_0821,dep_eng,Student 821,active
stu_0822,dep_bus,Student 822,active
stu_0823,dep_bio,Student 823,active
stu_0824,dep_bio,Student 824,active
stu_0825,dep_bio,Student 825,active
stu_0826,dep_hum,Student 826,active
stu_0827,dep_hum,Student 827,active
stu_0828,dep_hum,Student 828,active
stu_0829,dep_eng,Student 829,active
stu_0830,dep_bus,Student 830,active
stu_0831,dep_cs,Student 831,active
stu_0832,dep_hum,Student 832,active
stu_0833,dep_eng,Student 833,active
stu_0834,dep_hum,Student 834,active
stu_0835,dep_hum,Student 835,active
stu_0836,dep_cs,Student 836,active
stu_0837,dep_bus,Student 837,active
stu_0838,dep_bio,Student 838,active
stu_0839,dep_hum,Student 839,active
stu_0840,dep_bio,Student 840,active
stu_0841,dep_hum,Student 841,active
stu_0842,dep_cs,Student 842,active
stu_0843,dep_eng,Student 843,active
stu_0844,dep_eng,Student 844,active
stu_0845,dep_cs,Student 845,active
stu_0846,dep_eng,Student 846,active
stu_0847,dep_cs,Student 847,active
stu_0848,dep_bus,Student 848,active
stu_0849,dep_eng,Student 849,active
stu_0850,dep_cs,Student 850,active
stu_0851,dep_eng,Student 851,active
stu_0852,dep_cs,Student 852,active
stu_0853,dep_bio,Student 853,active
stu_0854,dep_bus,Student 854,active
stu_0855,dep_cs,Student 855,active
stu_0856,dep_cs,Student 856,active
stu_0857,dep_eng,Student 857,active
stu_0858,dep_cs,Student 858,active
stu_0859,dep_cs,Student 859,active
stu_0860,dep_eng,Student 860,active
stu_0861,dep_eng,Student 861,active
stu_0862,dep_cs,Student 862,active
stu_0863,dep_eng,Student 863,active
stu_0864,dep_eng,Student 864,active
stu_0865,dep_cs,Student 865,active
stu_0866,dep_bio,Student 866,active
stu_0867,dep_bio,Student 867,active
stu_0868,dep_cs,Student 868,active
stu_0869,dep_eng,Student 869,active
stu_0870,dep_cs,Student 870,active
stu_0871,dep_bio,Student 871,active
stu_0872,dep_hum,Student 872,active
stu_0873,dep_bio,Student 873,active
stu_0874,dep_cs,Student 874,active
stu_0875,dep_hum,Student 875,active
stu_0876,dep_cs,Student 876,active
stu_0877,dep_cs,Student 877,active
stu_0878,dep_hum,Student 878,active
stu_0879,dep_cs,Student 879,active
stu_0880,dep_hum,Student 880,active
stu_0881,dep_eng,Student 881,active
stu_0882,dep_bio,Student 882,active
stu_0883,dep_hum,Student 883,active
stu_0884,dep_hum,Student 884,active
stu_0885,dep_eng,Student 885,active
stu_0886,dep_hum,Student 886,active
stu_0887,dep_bus,Student 887,active
stu_0888,dep_hum,Student 888,active
stu_0889,dep_hum,Student 889,active
stu_0890,dep_cs,Student 890,active
stu_0891,dep_cs,Student 891,active
stu_0892,dep_bus,Student 892,active
stu_0893,dep_eng,Student 893,active
stu_0894,dep_bio,Student 894,active
stu_0895,dep_hum,Student 895,active
stu_0896,dep_eng,Student 896,active
stu_0897,dep_bus,Student 897,active
stu_0898,dep_eng,Student 898,active
stu_0899,dep_hum,Student 899,active
stu_0900,dep_bio,Student 900,active
stu_0901,dep_cs,Student 901,active
stu_0902,dep_eng,Student 902,active
stu_0903,dep_hum,Student 903,active
stu_0904,dep_bus,Student 904,active
stu_0905,dep_eng,Student 905,active
stu_0906,dep_bus,Student 906,active
stu_0907,dep_bio,Student 907,active
stu_0908,dep_bus,Student 908,active
stu_0909,dep_cs,Student 909,active
stu_0910,dep_eng,Student 910,active
stu_0911,dep_hum,Student 911,active
stu_0912,dep_bus,Student 912,active
stu_0913,dep_eng,Student 913,active
stu_0914,dep_hum,Student 914,active
stu_0915,dep_eng,Student 915,active
stu_0916,dep_bio,Student 916,active
stu_0917,dep_bio,Student 917,active
stu_0918,dep_bus,Student 918,active
stu_0919,dep_eng,Student 919,active
stu_0920,dep_eng,Student 920,active
stu_0921,dep_eng,Student 921,active
stu_0922,dep_eng,Student 922,active
stu_0923,dep_bus,Student 923,active
stu_0924,dep_cs,Student 924,active
stu_0925,dep_bus,Student 925,active
stu_0926,dep_hum,Student 926,active
stu_0927,dep_bio,Student 927,active
stu_0928,dep_bio,Student 928,active
stu_0929,dep_bus,Student 929,active
stu_0930,dep_bus,Student 930,active
stu_0931,dep_bus,Student 931,active
stu_0932,dep_eng,Student 932,active
stu_0933,dep_cs,Student 933,active
stu_0934,dep_cs,Student 934,active
stu_0935,dep_bus,Student 935,active
stu_0936,dep_bus,Student 936,active
stu_0937,dep_bio,Student 937,active
stu_0938,dep_eng,Student 938,active
stu_0939,dep_hum,Student 939,active
stu_0940,dep_bus,Student 940,active
stu_0941,dep_eng,Student 941,active
stu_0942,dep_bus,Student 942,active
stu_0943,dep_bio,Student 943,active
stu_0944,dep_cs,Student 944,active
stu_0945,dep_cs,Student 945,active
stu_0946,dep_bus,Student 946,active
stu_0947,dep_bus,Student 947,active
stu_0948,dep_bio,Student 948,active
stu_0949,dep_bio,Student 949,active
stu_0950,dep_cs,Student 950,active
stu_0951,dep_hum,Student 951,active
stu_0952,dep_eng,Student 952,active
stu_0953,dep_bus,Student 953,active
stu_0954,dep_bus,Student 954,active
stu_0955,dep_hum,Student 955,active
stu_0956,dep_hum,Student 956,active
stu_0957,dep_eng,Student 957,active
stu_0958,dep_eng,Student 958,active
stu_0959,dep_eng,Student 959,active
stu_0960,dep_cs,Student 960,active
stu_0961,dep_eng,Student 961,active
stu_0962,dep_bus,Student 962,active
stu_0963,dep_bio,Student 963,active
stu_0964,dep_cs,Student 964,active
stu_0965,dep_cs,Student 965,active
stu_0966,dep_hum,Student 966,active
stu_0967,dep_eng,Student 967,active
stu_0968,dep_bus,Student 968,active
stu_0969,dep_eng,Student 969,active
stu_0970,dep_eng,Student 970,active
stu_0971,dep_eng,Student 971,active
stu_0972,dep_cs,Student 972,active
stu_0973,dep_eng,Student 973,active
stu_0974,dep_hum,Student 974,active
stu_0975,dep_eng,Student 975,active
stu_0976,dep_hum,Student 976,active
stu_0977,dep_hum,Student 977,active
stu_0978,dep_bio,Student 978,active
stu_0979,dep_cs,Student 979,active
stu_0980,dep_hum,Student 980,active
stu_0981,dep_bio,Student 981,active
stu_0982,dep_eng,Student 982,active
stu_0983,dep_bio,Student 983,active
stu_0984,dep_eng,Student 984,active
stu_0985,dep_eng,Student 985,active
stu_0986,dep_hum,Student 986,active
stu_0987,dep_eng,Student 987,active
stu_0988,dep_hum,Student 988,active
stu_0989,dep_bio,Student 989,active
stu_0990,dep_bus,Student 990,active
stu_0991,dep_cs,Student 991,active
stu_0992,dep_eng,Student 992,active
stu_0993,dep_bus,Student 993,active
stu_0994,dep_bus,Student 994,active
stu_0995,dep_bio,Student 995,active
stu_0996,dep_bio,Student 996,active
stu_0997,dep_bus,Student 997,active
stu_0998,dep_bio,Student 998,active
stu_0999,dep_eng,Student 999,active
stu_1000,dep_hum,Student 1000,active
stu_1001,dep_hum,Student 1001,active
stu_1002,dep_bio,Student 1002,active
stu_1003,dep_bio,Student 1003,active
stu_1004,dep_eng,Student 1004,active
stu_1005,dep_cs,Student 1005,active
stu_1006,dep_eng,Student 1006,active
stu_1007,dep_eng,Student 1007,active
stu_1008,dep_bio,Student 1008,active
stu_1009,dep_hum,Student 1009,active
stu_1010,dep_bio,Student 1010,active
stu_1011,dep_eng,Student 1011,active
stu_1012,dep_hum,Student 1012,active
stu_1013,dep_eng,Student 1013,active
stu_1014,dep_bus,Student 1014,active
stu_1015,dep_hum,Student 1015,active
stu_1016,dep_hum,Student 1016,active
stu_1017,dep_cs,Student 1017,active
stu_1018,dep_bio,Student 1018,active
stu_1019,dep_bus,Student 1019,active
stu_1020,dep_hum,Student 1020,active
stu_1021,dep_hum,Student 1021,active
stu_1022,dep_hum,Student 1022,active
stu_1023,dep_hum,Student 1023,active
stu_1024,dep_eng,Student 1024,active
stu_1025,dep_bus,Student 1025,active
stu_1026,dep_bio,Student 1026,active
stu_1027,dep_eng,Student 1027,active
stu_1028,dep_bus,Student 1028,active
stu_1029,dep_hum,Student 1029,active
stu_1030,dep_eng,Student 1030,active
stu_1031,dep_bus,Student 1031,active
stu_1032,dep_eng,Student 1032,active
stu_1033,dep_bus,Student 1033,active
stu_1034,dep_bus,Student 1034,active
stu_1035,dep_bio,Student 1035,active
stu_1036,dep_bus,Student 1036,active
stu_1037,dep_cs,Student 1037,active
stu_1038,dep_cs,Student 1038,active
stu_1039,dep_bus,Student 1039,active
stu_1040,dep_bio,Student 1040,active
stu_1041,dep_eng,Student 1041,active
stu_1042,dep_cs,Student 1042,active
stu_1043,dep_cs,Student 1043,withdrawn
stu_1044,dep_bus,Student 1044,active
stu_1045,dep_cs,Student 1045,active
stu_1046,dep_eng,Student 1046,active
stu_1047,dep_bus,Student 1047,active
stu_1048,dep_cs,Student 1048,active
stu_1049,dep_eng,Student 1049,active
stu_1050,dep_cs,Student 1050,active
stu_1051,dep_cs,Student 1051,active
stu_1052,dep_eng,Student 1052,active
stu_1053,dep_bus,Student 1053,active
stu_1054,dep_bio,Student 1054,active
stu_1055,dep_hum,Student 1055,active
stu_1056,dep_cs,Student 1056,active
stu_1057,dep_eng,Student 1057,active
stu_1058,dep_eng,Student 1058,active
stu_1059,dep_bio,Student 1059,active
stu_1060,dep_cs,Student 1060,active
stu_1061,dep_hum,Student 1061,active
stu_1062,dep_bio,Student 1062,active
stu_1063,dep_bio,Student 1063,active
stu_1064,dep_eng,Student 1064,active
stu_1065,dep_cs,Student 1065,active
stu_1066,dep_bio,Student 1066,active
stu_1067,dep_eng,Student 1067,active
stu_1068,dep_hum,Student 1068,active
stu_1069,dep_eng,Student 1069,active
stu_1070,dep_eng,Student 1070,active
stu_1071,dep_bio,Student 1071,active
stu_1072,dep_cs,Student 1072,active
stu_1073,dep_hum,Student 1073,active
stu_1074,dep_hum,Student 1074,active
stu_1075,dep_eng,Student 1075,active
stu_1076,dep_bus,Student 1076,active
stu_1077,dep_bus,Student 1077,active
stu_1078,dep_cs,Student 1078,active
stu_1079,dep_eng,Student 1079,active
stu_1080,dep_hum,Student 1080,active
stu_1081,dep_cs,Student 1081,active
stu_1082,dep_cs,Student 1082,active
stu_1083,dep_bus,Student 1083,active
stu_1084,dep_bus,Student 1084,active
stu_1085,dep_bus,Student 1085,active
stu_1086,dep_bio,Student 1086,active
stu_1087,dep_hum,Student 1087,active
stu_1088,dep_cs,Student 1088,active
stu_1089,dep_hum,Student 1089,active
stu_1090,dep_eng,Student 1090,active
stu_1091,dep_bus,Student 1091,active
stu_1092,dep_eng,Student 1092,active
stu_1093,dep_bio,Student 1093,active
stu_1094,dep_bus,Student 1094,active
stu_1095,dep_cs,Student 1095,active
stu_1096,dep_eng,Student 1096,active
stu_1097,dep_bio,Student 1097,active
stu_1098,dep_hum,Student 1098,active
stu_1099,dep_bus,Student 1099,active
stu_1100,dep_cs,Student 1100,active
stu_1101,dep_hum,Student 1101,active
stu_1102,dep_cs,Student 1102,active
stu_1103,dep_bus,Student 1103,active
stu_1104,dep_hum,Student 1104,active
stu_1105,dep_cs,Student 1105,active
stu_1106,dep_bus,Student 1106,active
stu_1107,dep_bus,Student 1107,active
stu_1108,dep_hum,Student 1108,active
stu_1109,dep_bio,Student 1109,active
stu_1110,dep_bus,Student 1110,active
stu_1111,dep_cs,Student 1111,active
stu_1112,dep_hum,Student 1112,active
stu_1113,dep_eng,Student 1113,active
stu_1114,dep_hum,Student 1114,active
stu_1115,dep_cs,Student 1115,active
stu_1116,dep_bio,Student 1116,active
stu_1117,dep_eng,Student 1117,active
stu_1118,dep_cs,Student 1118,active
stu_1119,dep_eng,Student 1119,active
stu_1120,dep_bio,Student 1120,active
stu_1121,dep_cs,Student 1121,active
stu_1122,dep_bio,Student 1122,active
stu_1123,dep_bio,Student 1123,active
stu_1124,dep_eng,Student 1124,active
stu_1125,dep_cs,Student 1125,active
stu_1126,dep_eng,Student 1126,active
stu_1127,dep_bio,Student 1127,active
stu_1128,dep_hum,Student 1128,active
stu_1129,dep_hum,Student 1129,active
stu_1130,dep_cs,Student 1130,active
stu_1131,dep_eng,Student 1131,active
stu_1132,dep_cs,Student 1132,active
stu_1133,dep_eng,Student 1133,active
stu_1134,dep_eng,Student 1134,active
stu_1135,dep_bus,Student 1135,active
stu_1136,dep_bus,Student 1136,active
stu_1137,dep_bus,Student 1137,active
stu_1138,dep_hum,Student 1138,active
stu_1139,dep_hum,Student 1139,active
stu_1140,dep_bus,Student 1140,active
stu_1141,dep_bio,Student 1141,active
stu_1142,dep_bus,Student 1142,active
stu_1143,dep_bio,Student 1143,withdrawn
stu_1144,dep_bus,Student 1144,active
stu_1145,dep_hum,Student 1145,active
stu_1146,dep_bus,Student 1146,active
stu_1147,dep_bus,Student 1147,active
stu_1148,dep_hum,Student 1148,active
stu_1149,dep_bus,Student 1149,active
stu_1150,dep_bus,Student 1150,active
stu_1151,dep_bio,Student 1151,active
stu_1152,dep_bio,Student 1152,active
stu_1153,dep_cs,Student 1153,active
stu_1154,dep_bio,Student 1154,active
stu_1155,dep_hum,Student 1155,active
stu_1156,dep_bus,Student 1156,active
stu_1157,dep_hum,Student 1157,active
stu_1158,dep_hum,Student 1158,active
stu_1159,dep_bio,Student 1159,active
stu_1160,dep_hum,Student 1160,active
stu_1161,dep_cs,Student 1161,active
stu_1162,dep_cs,Student 1162,active
stu_1163,dep_hum,Student 1163,active
stu_1164,dep_eng,Student 1164,active
stu_1165,dep_eng,Student 1165,active
stu_1166,dep_eng,Student 1166,active
stu_1167,dep_bio,Student 1167,active
stu_1168,dep_bus,Student 1168,active
stu_1169,dep_cs,Student 1169,active
stu_1170,dep_cs,Student 1170,active
stu_1171,dep_bus,Student 1171,active
stu_1172,dep_bio,Student 1172,active
stu_1173,dep_bus,Student 1173,active
stu_1174,dep_bus,Student 1174,active
stu_1175,dep_eng,Student 1175,active
stu_1176,dep_eng,Student 1176,active
stu_1177,dep_bio,Student 1177,active
stu_1178,dep_eng,Student 1178,active
stu_1179,dep_eng,Student 1179,active
stu_1180,dep_cs,Student 1180,active
stu_1181,dep_bus,Student 1181,active
stu_1182,dep_bio,Student 1182,active
stu_1183,dep_hum,Student 1183,active
stu_1184,dep_bio,Student 1184,active
stu_1185,dep_bio,Student 1185,active
stu_1186,dep_bus,Student 1186,active
stu_1187,dep_cs,Student 1187,active
stu_1188,dep_hum,Student 1188,active
stu_1189,dep_hum,Student 1189,active
stu_1190,dep_cs,Student 1190,active
stu_1191,dep_bus,Student 1191,active
stu_1192,dep_bio,Student 1192,active
stu_1193,dep_bio,Student 1193,active
stu_1194,dep_bio,Student 1194,active
stu_1195,dep_hum,Student 1195,active
stu_1196,dep_cs,Student 1196,active
stu_1197,dep_hum,Student 1197,active
stu_1198,dep_eng,Student 1198,active
stu_1199,dep_bus,Student 1199,active
stu_1200,dep_cs,Student 1200,active
stu_1201,dep_hum,Student 1201,active
stu_1202,dep_bus,Student 1202,active
stu_1203,dep_bio,Student 1203,active
stu_1204,dep_cs,Student 1204,active
stu_1205,dep_cs,Student 1205,active
stu_1206,dep_bus,Student 1206,active
stu_1207,dep_bio,Student 1207,active
stu_1208,dep_eng,Student 1208,active
stu_1209,dep_cs,Student 1209,active
stu_1210,dep_eng,Student 1210,active
stu_1211,dep_bus,Student 1211,active
stu_1212,dep_bio,Student 1212,active
stu_1213,dep_bio,Student 1213,withdrawn
stu_1214,dep_bio,Student 1214,active
stu_1215,dep_eng,Student 1215,active
stu_1216,dep_bus,Student 1216,active
stu_1217,dep_bus,Student 1217,active
stu_1218,dep_hum,Student 1218,active
stu_1219,dep_cs,Student 1219,active
stu_1220,dep_cs,Student 1220,active
stu_1221,dep_bio,Student 1221,active
stu_1222,dep_bus,Student 1222,active
stu_1223,dep_bio,Student 1223,active
stu_1224,dep_bus,Student 1224,active
stu_1225,dep_bus,Student 1225,active
stu_1226,dep_eng,Student 1226,active
stu_1227,dep_eng,Student 1227,active
stu_1228,dep_cs,Student 1228,active
stu_1229,dep_eng,Student 1229,active
stu_1230,dep_hum,Student 1230,active
stu_1231,dep_eng,Student 1231,active
stu_1232,dep_cs,Student 1232,active
stu_1233,dep_hum,Student 1233,active
stu_1234,dep_eng,Student 1234,active
stu_1235,dep_hum,Student 1235,active
stu_1236,dep_bio,Student 1236,active
stu_1237,dep_eng,Student 1237,active
stu_1238,dep_eng,Student 1238,active
stu_1239,dep_cs,Student 1239,active
stu_1240,dep_bio,Student 1240,active
stu_1241,dep_eng,Student 1241,active
stu_1242,dep_bus,Student 1242,active
stu_1243,dep_bio,Student 1243,active
stu_1244,dep_bus,Student 1244,active
stu_1245,dep_eng,Student 1245,active
stu_1246,dep_bus,Student 1246,active
stu_1247,dep_hum,Student 1247,active
stu_1248,dep_cs,Student 1248,active
stu_1249,dep_bio,Student 1249,active
stu_1250,dep_bus,Student 1250,active
stu_1251,dep_hum,Student 1251,active
stu_1252,dep_hum,Student 1252,active
stu_1253,dep_cs,Student 1253,active
stu_1254,dep_bio,Student 1254,active
stu_1255,dep_hum,Student 1255,active
stu_1256,dep_bio,Student 1256,active
stu_1257,dep_bus,Student 1257,active
stu_1258,dep_bus,Student 1258,active
stu_1259,dep_cs,Student 1259,active
stu_1260,dep_bio,Student 1260,active
stu_1261,dep_hum,Student 1261,active
stu_1262,dep_hum,Student 1262,active
stu_1263,dep_bio,Student 1263,active
stu_1264,dep_eng,Student 1264,active
stu_1265,dep_cs,Student 1265,active
stu_1266,dep_cs,Student 1266,active
stu_1267,dep_bio,Student 1267,active
stu_1268,dep_cs,Student 1268,active
stu_1269,dep_bio,Student 1269,active
stu_1270,dep_hum,Student 1270,active
stu_1271,dep_cs,Student 1271,active
stu_1272,dep_hum,Student 1272,active
stu_1273,dep_bus,Student 1273,active
stu_1274,dep_bio,Student 1274,active
stu_1275,dep_bio,Student 1275,active
stu_1276,dep_cs,Student 1276,active
stu_1277,dep_bio,Student 1277,active
stu_1278,dep_bus,Student 1278,active
stu_1279,dep_cs,Student 1279,active
stu_1280,dep_cs,Student 1280,active
stu_1281,dep_hum,Student 1281,active
stu_1282,dep_bio,Student 1282,active
stu_1283,dep_bus,Student 1283,active
stu_1284,dep_bio,Student 1284,active
stu_1285,dep_eng,Student 1285,active
stu_1286,dep_bus,Student 1286,active
stu_1287,dep_eng,Student 1287,active
stu_1288,dep_hum,Student 1288,active
stu_1289,dep_bus,Student 1289,active
stu_1290,dep_hum,Student 1290,active
stu_1291,dep_hum,Student 1291,active
stu_1292,dep_eng,Student 1292,active
stu_1293,dep_bio,Student 1293,active
stu_1294,dep_eng,Student 1294,active
stu_1295,dep_eng,Student 1295,active
stu_1296,dep_bio,Student 1296,active
stu_1297,dep_hum,Student 1297,active
stu_1298,dep_bus,Student 1298,active
stu_1299,dep_bio,Student 1299,active
stu_1300,dep_bus,Student 1300,active
stu_1301,dep_eng,Student 1301,active
stu_1302,dep_bus,Student 1302,active
stu_1303,dep_eng,Student 1303,active
stu_1304,dep_bus,Student 1304,active
stu_1305,dep_cs,Student 1305,active
stu_1306,dep_cs,Student 1306,active
stu_1307,dep_cs,Student 1307,active
stu_1308,dep_hum,Student 1308,active
stu_1309,dep_hum,Student 1309,active
stu_1310,dep_hum,Student 1310,active
stu_1311,dep_bio,Student 1311,active
stu_1312,dep_bus,Student 1312,active
stu_1313,dep_bus,Student 1313,active
stu_1314,dep_eng,Student 1314,active
stu_1315,dep_cs,Student 1315,active
stu_1316,dep_hum,Student 1316,active
stu_1317,dep_bus,Student 1317,active
stu_1318,dep_bus,Student 1318,active
stu_1319,dep_eng,Student 1319,active
stu_1320,dep_hum,Student 1320,active
stu_1321,dep_hum,Student 1321,active
stu_1322,dep_cs,Student 1322,active
stu_1323,dep_hum,Student 1323,active
stu_1324,dep_bio,Student 1324,active
stu_1325,dep_hum,Student 1325,active
stu_1326,dep_cs,Student 1326,active
stu_1327,dep_bio,Student 1327,active
stu_1328,dep_hum,Student 1328,active
stu_1329,dep_eng,Student 1329,active
stu_1330,dep_bio,Student 1330,active
stu_1331,dep_eng,Student 1331,active
stu_1332,dep_bus,Student 1332,active
stu_1333,dep_hum,Student 1333,active
stu_1334,dep_cs,Student 1334,active
stu_1335,dep_cs,Student 1335,active
stu_1336,dep_cs,Student 1336,active
stu_1337,dep_hum,Student 1337,active
stu_1338,dep_bio,Student 1338,active
stu_1339,dep_cs,Student 1339,active
stu_1340,dep_eng,Student 1340,active
stu_1341,dep_eng,Student 1341,active
stu_1342,dep_bio,Student 1342,active
stu_1343,dep_bio,Student 1343,active
stu_1344,dep_bio,Student 1344,active
stu_1345,dep_hum,Student 1345,active
stu_1346,dep_eng,Student 1346,active
stu_1347,dep_bio,Student 1347,active
stu_1348,dep_bio,Student 1348,active
stu_1349,dep_bus,Student 1349,active
stu_1350,dep_bio,Student 1350,active
stu_1351,dep_eng,Student 1351,active
stu_1352,dep_bus,Student 1352,active
stu_1353,dep_hum,Student 1353,active
stu_1354,dep_eng,Student 1354,active
stu_1355,dep_cs,Student 1355,active
stu_1356,dep_bio,Student 1356,active
stu_1357,dep_hum,Student 1357,active
stu_1358,dep_eng,Student 1358,active
stu_1359,dep_bio,Student 1359,active
stu_1360,dep_eng,Student 1360,active
stu_1361,dep_cs,Student 1361,active
stu_1362,dep_cs,Student 1362,active
stu_1363,dep_hum,Student 1363,active
stu_1364,dep_eng,Student 1364,active
stu_1365,dep_bus,Student 1365,active
stu_1366,dep_cs,Student 1366,active
stu_1367,dep_bus,Student 1367,active
stu_1368,dep_hum,Student 1368,active
stu_1369,dep_bus,Student 1369,active
stu_1370,dep_bio,Student 1370,active
stu_1371,dep_cs,Student 1371,active
stu_1372,dep_hum,Student 1372,active
stu_1373,dep_hum,Student 1373,active
stu_1374,dep_cs,Student 1374,active
stu_1375,dep_hum,Student 1375,active
stu_1376,dep_bus,Student 1376,active
stu_1377,dep_hum,Student 1377,active
stu_1378,dep_hum,Student 1378,active
stu_1379,dep_eng,Student 1379,active
stu_1380,dep_bus,Student 1380,active
stu_1381,dep_hum,Student 1381,active
stu_1382,dep_bio,Student 1382,active
stu_1383,dep_cs,Student 1383,active
stu_1384,dep_eng,Student 1384,active
stu_1385,dep_bus,Student 1385,active
stu_1386,dep_bus,Student 1386,active
stu_1387,dep_hum,Student 1387,active
stu_1388,dep_bus,Student 1388,active
stu_1389,dep_hum,Student 1389,active
stu_1390,dep_bus,Student 1390,active
stu_1391,dep_bio,Student 1391,active
stu_1392,dep_bus,Student 1392,active
stu_1393,dep_hum,Student 1393,active
stu_1394,dep_cs,Student 1394,active
stu_1395,dep_hum,Student 1395,active
stu_1396,dep_hum,Student 1396,active
stu_1397,dep_bus,Student 1397,active
stu_1398,dep_hum,Student 1398,active
stu_1399,dep_bus,Student 1399,active
stu_1400,dep_cs,Student 1400,active
